cellosaurus_accession,id
CVCL_1051,1
CVCL_1059,2
CVCL_0134,3
CVCL_0132,4
CVCL_1055,5
CVCL_1056,6
CVCL_0023,7
CVCL_1067,8
CVCL_1092,9
CVCL_0234,10
CVCL_0201,11
CVCL_0207,12
CVCL_0218,13
CVCL_0219,14
CVCL_0248,15
CVCL_0105,16
CVCL_1813,17
CVCL_1195,18
CVCL_3509,19
CVCL_1266,20
CVCL_0291,21
CVCL_0292,22
CVCL_A794,23
CVCL_1285,24
CVCL_1286,25
CVCL_0332,26
CVCL_0318,27
CVCL_0320,28
CVCL_1304,29
CVCL_0004,30
CVCL_1331,31
CVCL_2094,32
CVCL_0395,33
CVCL_0399,34
CVCL_1381,35
CVCL_1395,36
CVCL_1438,37
CVCL_0031,38
CVCL-0062,39
CVCL_0417,40
CVCL_0623,41
CVCL_0419,42
CVCL_0013,43
CVCL_1430,44
CVCL_1452,45
CVCL_1483,46
CVCL_1531,47
CVCL_1544,48
CVCL_1547,49
CVCL_1557,50
CVCL_0459,51
CVCL_1566,52
CVCL_1567,53
CVCL_1621,54
CVCL_3768,55
CVCL_0465,56
CVCL_1627,57
CVCL_1628,58
CVCL_1629,59
CVCL_0479,60
CVCL_0035,61
CVCL_0504,62
CVCL_1666,63
CVCL_0014,64
CVCL_1673,65
CVCL_1689,66
CVCL_1690,67
CVCL_1691,68
CVCL_0069,69
CVCL_0526,70
CVCL_0039,71
CVCL_0527,72
CVCL_0630,73
CVCL_0532,74
CVCL_1705,75
CVCL_0535,76
CVCL_1706,77
CVCL_1711,78
CVCL_0547,79
CVCL_1729,80
CVCL_0553,81
CVCL_1773,82
CVCL_0021,83
CVCL_1779,84
CVCL_1780,85
CVCL_1911,86
CVCL_B079,87
CVCL_B078,88
CVCL_2235,89
CVCL_0588,90
CVCL_A426,91
CVCL_0556,92
CVCL_A442,93
CVCL_0080,94
CVCL_V618,95
CVCL_0009,96
CVCL_2096,97
CVCL_1361,98
CVCL_0480,99
CVCL_1649,100
CVCL_M599,101
CVCL_A770,102
CVCL_IT41,103
CVCL_7151,104
CVCL_2213,105
CVCL_2220,106
NA,107
CVCL_VT28,108
CVCL_VT33,109
CVCL_JF68,110
CVCL_2088,111
CVCL_5997,112
CVCL_M605,113
CVCL_0110,114
CVCL_2270,115
CVCL_3040,116
CVCL_4688,117
CVCL_U759,118
CVCL_X481,119
CVCL_7931,120
CVCL_7932,121
CVCL_7933,122
CVCL_7934,123
CVCL_1045,124
CVCL_1046,125
CVCL_7935,126
CVCL_7937,127
CVCL_1798,128
CVCL_6357,129
CVCL_8052,130
CVCL_0126,131
CVCL_2291,132
CVCL_9875,133
CVCL_8054,134
CVCL_1048,135
CVCL_1049,136
CVCL_0079,137
CVCL_1050,138
CVCL_1052,139
CVCL_1053,140
CVCL_1054,141
CVCL_4632,142
CVCL_8481,143
CVCL_0131,144
CVCL_1058,145
CVCL_1060,146
CVCL_1063,147
CVCL_0037,148
CVCL_1065,149
CVCL_1057,150
CVCL_1062,151
CVCL_1064,152
CVCL_1066,153
CVCL_5113,154
CVCL_6876,155
CVCL_1068,156
CVCL_0139,157
CVCL_1069,158
CVCL_1805,159
CVCL_1070,160
CVCL_1071,161
CVCL_1806,162
CVCL_0028,163
CVCL_1072,164
CVCL_2856,165
CVCL_0152,166
CVCL_1073,167
CVCL_2299,168
CVCL_1074,169
CVCL_2862,170
CVCL_0153,171
CVCL_1075,172
CVCL_1076,173
CVCL_1077,174
CVCL_1078,175
CVCL_1079,176
CVCL_1856,177
CVCL_1080,178
CVCL_1958,179
CVCL_0107,180
CVCL_4613,181
CVCL_1081,182
CVCL_1093,183
CVCL_1082,184
CVCL_1083,185
CVCL_1084,186
CVCL_3360,187
CVCL_1085,188
CVCL_1086,189
CVCL_2307,190
CVCL_2308,191
CVCL_2309,192
CVCL_2310,193
CVCL_2312,194
CVCL_2313,195
CVCL_2314,196
CVCL_2315,197
CVCL_6573,198
CVCL_5711,199
CVCL_1087,200
CVCL_1088,201
CVCL_1089,202
CVCL_1090,203
CVCL_1091,204
CVCL_M155,205
CVCL_M156,206
CVCL_0178,207
CVCL_0179,208
CVCL_2319,209
CVCL_UK63,210
CVCL_UK68,211
CVCL_0181,212
CVCL_0186,213
CVCL_1094,214
CVCL_2253,215
CVCL_S959,216
CVCL_1096,217
CVCL_1097,218
CVCL_2324,219
CVCL_1099,220
CVCL_1100,221
CVCL_1101,222
CVCL_1102,223
CVCL_0025,224
CVCL_1103,225
CVCL_0235,226
CVCL_1104,227
CVCL_1105,228
CVCL_1106,229
CVCL_1107,230
CVCL_1808,231
CVCL_1108,232
CVCL_1109,233
CVCL_1110,234
CVCL_1111,235
CVCL_1112,236
CVCL_1113,237
CVCL_1809,238
CVCL_1114,239
CVCL_0608,240
CVCL_0609,241
CVCL_0236,242
CVCL_1115,243
CVCL_0202,244
CVCL_0237,245
CVCL_0026,246
CVCL_1116,247
CVCL_1117,248
CVCL_1118,249
CVCL_2873,250
CVCL_1860,251
CVCL_0209,252
CVCL_1119,253
CVCL_1120,254
CVCL_5723,255
CVCL_1121,256
CVCL_1122,257
CVCL_1123,258
CVCL_1124,259
CVCL_1125,260
CVCL_X483,261
CVCL_X484,262
CVCL_X485,263
CVCL_1861,264
CVCL_U797,265
CVCL_1978,266
CVCL_1979,267
CVCL_1980,268
CVCL_1982,269
CVCL_0216,270
CVCL_0217,271
CVCL_2804,272
CVCL_1126,273
CVCL_1987,274
CVCL_1988,275
CVCL_1989,276
CVCL_0220,277
CVCL_1128,278
CVCL_1862,279
CVCL_1129,280
CVCL_1130,281
CVCL_1131,282
CVCL_1132,283
CVCL_1992,284
CVCL_1994,285
CVCL_1133,286
CVCL_1996,287
CVCL_1997,288
CVCL_1134,289
CVCL_2408,290
CVCL_1135,291
CVCL_1998,292
CVCL_1136,293
CVCL_1137,294
CVCL_2002,295
CVCL_2003,296
CVCL_2004,297
CVCL_1138,298
CVCL_1139,299
CVCL_2409,300
CVCL_2410,301
CVCL_1140,302
CVCL_2411,303
CVCL_2412,304
CVCL_2413,305
CVCL_2414,306
CVCL_2415,307
CVCL_2416,308
CVCL_1141,309
CVCL_2418,310
CVCL_2419,311
CVCL_2420,312
CVCL_2422,313
CVCL_2423,314
CVCL_2010,315
CVCL_2424,316
CVCL_2425,317
CVCL_1143,318
CVCL_1144,319
CVCL_1145,320
CVCL_1146,321
CVCL_1147,322
CVCL_1810,323
CVCL_T023,324
CVCL_1149,325
CVCL_1150,326
CVCL_1151,327
CVCL_2011,328
CVCL_1153,329
CVCL_1154,330
CVCL_1156,331
CVCL_1158,332
CVCL_1160,333
CVCL_1162,334
CVCL_1164,335
CVCL_1166,336
CVCL_1155,337
CVCL_0018,338
CVCL_0243,339
CVCL_1167,340
CVCL_0008,341
CVCL_1168,342
CVCL_1169,343
CVCL_1170,344
CVCL_4161,345
CVCL_1171,346
CVCL_A762,347
CVCL_0244,348
CVCL_6895,349
CVCL_1172,350
CVCL_1173,351
CVCL_2019,352
CVCL_1174,353
CVCL_1175,354
CVCL_1176,355
CVCL_2438,356
CVCL_1177,357
CVCL_1178,358
CVCL_2022,359
CVCL_1179,360
CVCL_1180,361
CVCL_1181,362
CVCL_6774,363
CVCL_1182,364
CVCL_1183,365
CVCL_1184,366
CVCL_2027,367
CVCL_1186,368
CVCL_1185,369
CVCL_2891,370
CVCL_1187,371
CVCL_1188,372
CVCL_1189,373
CVCL_1190,374
CVCL_1191,375
CVCL_0253,376
CVCL_1812,377
CVCL_1814,378
CVCL_0029,379
CVCL_1192,380
CVCL_1193,381
CVCL_1194,382
CVCL_2030,383
CVCL_1196,384
CVCL_X486,385
CVCL_X487,386
CVCL_2034,387
CVCL_0258,388
CVCL_1197,389
CVCL_1198,390
CVCL_1199,391
CVCL_1200,392
CVCL_1201,393
CVCL_1202,394
CVCL_1203,395
CVCL_1204,396
CVCL_2035,397
CVCL_2036,398
CVCL_1205,399
CVCL_1206,400
CVCL_1207,401
CVCL_EQ72,402
CVCL_1208,403
CVCL_1209,404
CVCL_1210,405
CVCL_1211,406
CVCL_1212,407
CVCL_1213,408
CVCL_1214,409
CVCL_1215,410
CVCL_1216,411
CVCL_1217,412
CVCL_S740,413
CVCL_2037,414
CVCL_V616,415
CVCL_1218,416
CVCL_3302,417
CVCL_2045,418
CVCL_1219,419
CVCL_2447,420
CVCL_2047,421
CVCL_2908,422
CVCL_2909,423
CVCL_1220,424
CVCL_0270,425
CVCL_1221,426
CVCL_W798,427
CVCL_1222,428
CVCL_1224,429
CVCL_1225,430
CVCL_1226,431
CVCL_1227,432
CVCL_1228,433
CVCL_1229,434
CVCL_1230,435
CVCL_0271,436
CVCL_1231,437
CVCL_1232,438
CVCL_3371,439
CVCL_1233,440
CVCL_2050,441
CVCL_1234,442
CVCL_2450,443
CVCL_1235,444
CVCL_2451,445
CVCL_1236,446
CVCL_1818,447
CVCL_8876,448
CVCL_8877,449
CVCL_1237,450
CVCL_7668,451
CVCL_1238,452
CVCL_1239,453
CVCL_1240,454
CVCL_1241,455
CVCL_1242,456
CVCL_2914,457
CVCL_4362,458
CVCL_1243,459
CVCL_0289,460
CVCL_2917,461
CVCL_1244,462
CVCL_V675,463
CVCL_1245,464
CVCL_1246,465
CVCL_V651,466
CVCL_5126,467
CVCL_1247,468
CVCL_5127,469
CVCL_V719,470
CVCL_V686,471
CVCL_V671,472
CVCL_5128,473
CVCL_1249,474
CVCL_1251,475
CVCL_1252,476
CVCL_L088,477
CVCL_V591,478
CVCL_V592,479
CVCL_2057,480
CVCL_1254,481
CVCL_V595,482
CVCL_1255,483
CVCL_V597,484
CVCL_A351,485
CVCL_1256,486
CVCL_1258,487
CVCL_5129,488
CVCL_V578,489
CVCL_5130,490
CVCL_0290,491
CVCL_1259,492
CVCL_2062,493
CVCL_A352,494
CVCL_1261,495
CVCL_3375,496
CVCL_1263,497
CVCL_V635,498
CVCL_5131,499
CVCL_V636,500
CVCL_3376,501
CVCL_V586,502
CVCL_V588,503
CVCL_0V16,504
CVCL_1265,505
CVCL_3377,506
CVCL_2058,507
CVCL_5134,508
CVCL_2059,509
CVCL_1267,510
CVCL_1268,511
CVCL_1269,512
CVCL_S700,513
CVCL_V579,514
CVCL_2060,515
CVCL_5135,516
CVCL_5136,517
CVCL_G002,518
CVCL_V729,519
CVCL_1270,520
CVCL_3378,521
CVCL_2061,522
CVCL_2063,523
CVCL_V622,524
CVCL_V731,525
CVCL_5137,526
CVCL_1271,527
CVCL_5138,528
CVCL_1272,529
CVCL_2478,530
CVCL_1273,531
CVCL_2067,532
CVCL_1274,533
CVCL_0293,534
CVCL_0294,535
CVCL_2923,536
CVCL_2925,537
CVCL_2927,538
CVCL_2928,539
CVCL_2929,540
CVCL_2930,541
CVCL_2931,542
CVCL_WS59,543
CVCL_0001,544
CVCL_2481,545
CVCL_0030,546
CVCL_1278,547
CVCL_0326,548
CVCL_1906,549
CVCL_0027,550
CVCL_1098,551
CVCL_0297,552
CVCL_8878,553
CVCL_1279,554
CVCL_1280,555
CVCL_0302,556
CVCL_0002,557
CVCL_5529,558
CVCL_1281,559
CVCL_2947,560
CVCL_2255,561
CVCL_2949,562
CVCL_3317,563
CVCL_IZ34,564
CVCL_2499,565
CVCL_2501,566
CVCL_1282,567
CVCL_2950,568
CVCL_1283,569
CVCL_2071,570
CVCL_1284,571
CVCL_2784,572
CVCL_0312,573
CVCL_3517,574
CVCL_0313,575
CVCL_1820,576
CVCL_2514,577
CVCL_0660,578
CVCL_0698,579
CVCL_0707,580
CVCL_0711,581
CVCL_0715,582
CVCL_0331,583
CVCL_0726,584
CVCL_0735,585
CVCL_0761,586
CVCL_0802,587
CVCL_0807,588
CVCL_0814,589
CVCL_0816,590
CVCL_0819,591
CVCL_0823,592
CVCL_0825,593
CVCL_0827,594
CVCL_0832,595
CVCL_0836,596
CVCL_0844,597
CVCL_0846,598
CVCL_0851,599
CVCL_0855,600
CVCL_0863,601
CVCL_0871,602
CVCL_0878,603
CVCL_0882,604
CVCL_0888,605
CVCL_0333,606
CVCL_0891,607
CVCL_0334,608
CVCL_0928,609
CVCL_0932,610
CVCL_0933,611
CVCL_0938,612
CVCL_0941,613
CVCL_0942,614
CVCL_0950,615
CVCL_0959,616
CVCL_0966,617
CVCL_0979,618
CVCL_0993,619
CVCL_1031,620
CVCL_1033,621
CVCL_1036,622
CVCL_1038,623
CVCL_1040,624
CVCL_2516,625
CVCL_1287,626
CVCL_1288,627
CVCL_A385,628
CVCL_1289,629
CVCL_1290,630
CVCL_0317,631
CVCL_1291,632
CVCL_1292,633
CVCL_1293,634
CVCL_1294,635
CVCL_2520,636
CVCL_1295,637
CVCL_2522,638
CVCL_0324,639
CVCL_4846,640
CVCL_2956,641
CVCL_2955,642
CVCL_1296,643
CVCL_0336,644
CVCL_2526,645
CVCL_1297,646
CVCL_1298,647
CVCL_1299,648
CVCL_1300,649
CVCL_3526,650
CVCL_0337,651
CVCL_1301,652
CVCL_3725,653
CVCL_1302,654
CVCL_1303,655
CVCL_2075,656
CVCL_2076,657
CVCL_2960,658
CVCL_1305,659
CVCL_2961,660
CVCL_2962,661
CVCL_0346,662
CVCL_1306,663
CVCL_5779,664
CVCL_5540,665
CVCL_5541,666
CVCL_E234,667
CVCL_EQ74,668
CVCL_1307,669
CVCL_2529,670
CVCL_6543,671
CVCL_1308,672
CVCL_1311,673
CVCL_1312,674
CVCL_1313,675
CVCL_1314,676
CVCL_1316,677
CVCL_0359,678
CVCL_0360,679
CVCL_0363,680
CVCL_1865,681
CVCL_8098,682
CVCL_2785,683
CVCL_2786,684
CVCL_2787,685
CVCL_0364,686
CVCL_2788,687
CVCL_2805,688
CVCL_4640,689
CVCL_4644,690
CVCL_4645,691
CVCL_4647,692
CVCL_4648,693
CVCL_4649,694
CVCL_5986,695
CVCL_5988,696
CVCL_5989,697
CVCL_5991,698
CVCL_5992,699
CVCL_5993,700
CVCL_4655,701
CVCL_4656,702
CVCL_4657,703
CVCL_4658,704
CVCL_2077,705
CVCL_1317,706
CVCL_D605,707
CVCL_2078,708
CVCL_2079,709
CVCL_2080,710
CVCL_3532,711
CVCL_2081,712
CVCL_3728,713
CVCL_0065,714
CVCL_0367,715
CVCL_2086,716
CVCL_1319,717
CVCL_1320,718
CVCL_8784,719
CVCL_2537,720
CVCL_W796,721
CVCL_6308,722
CVCL_9V29,723
CVCL_1322,724
CVCL_EQ75,725
CVCL_1323,726
CVCL_1821,727
CVCL_1822,728
CVCL_1324,729
CVCL_1325,730
CVCL_1326,731
CVCL_1823,732
CVCL_0589,733
CVCL_0590,734
CVCL_0612,735
CVCL_0614,736
CVCL_0371,737
CVCL_2090,738
CVCL_2091,739
CVCL_1327,740
CVCL_3385,741
CVCL_3386,742
CVCL_2092,743
CVCL_0374,744
CVCL_2971,745
CVCL_0375,746
CVCL_2972,747
CVCL_2093,748
CVCL_1328,749
CVCL_1329,750
CVCL_5146,751
CVCL_1330,752
CVCL_2977,753
CVCL_S641,754
CVCL_2981,755
CVCL_1332,756
CVCL_2983,757
CVCL_2984,758
CVCL_2986,759
CVCL_2985,760
CVCL_2989,761
CVCL_1334,762
CVCL_1333,763
CVCL_A637,764
CVCL_2990,765
CVCL_2991,766
CVCL_2992,767
CVCL_2993,768
CVCL_2994,769
CVCL_2995,770
CVCL_2996,771
CVCL_0378,772
CVCL_2798,773
CVCL_1335,774
CVCL_2799,775
CVCL_1336,776
CVCL_1321,777
CVCL_3001,778
CVCL_1866,779
CVCL_1337,780
CVCL_3002,781
CVCL_3003,782
CVCL_3004,783
CVCL_3005,784
CVCL_1338,785
CVCL_1339,786
CVCL_1340,787
CVCL_1341,788
CVCL_1342,789
CVCL_5310,790
CVCL_1343,791
CVCL_5870,792
CVCL_5879,793
CVCL_5880,794
CVCL_5884,795
CVCL_5868,796
CVCL_5873,797
CVCL_1344,798
CVCL_0379,799
CVCL_1345,800
CVCL_1346,801
CVCL_1825,802
CVCL_3007,803
CVCL_2095,804
CVCL_1347,805
CVCL_1348,806
CVCL_1349,807
CVCL_1359,808
CVCL_1350,809
CVCL_1351,810
CVCL_1352,811
CVCL_1353,812
CVCL_1360,813
CVCL_1354,814
CVCL_1355,815
CVCL_1356,816
CVCL_1357,817
CVCL_1362,818
CVCL_8147,819
CVCL_1363,820
CVCL_0388,821
CVCL_1364,822
CVCL_1365,823
CVCL_1366,824
CVCL_1367,825
CVCL_1368,826
CVCL_1369,827
CVCL_1370,828
CVCL_1371,829
CVCL_3008,830
CVCL_5480,831
CVCL_1372,832
CVCL_1373,833
CVCL_1374,834
CVCL_1375,835
CVCL_1376,836
CVCL_3840,837
CVCL_2574,838
CVCL_1377,839
CVCL_4849,840
CVCL_0392,841
CVCL_3954,842
CVCL_0393,843
CVCL_3957,844
CVCL_0394,845
CVCL_3958,846
CVCL_3955,847
CVCL_3956,848
CVCL_1378,849
CVCL_3959,850
CVCL_3960,851
CVCL_3962,852
CVCL_1379,853
CVCL_3540,854
CVCL_2104,855
CVCL_1380,856
CVCL_0012,857
CVCL_1382,858
CVCL_1383,859
CVCL_1384,860
CVCL_6670,861
CVCL_0397,862
CVCL_1385,863
CVCL_1386,864
CVCL_1387,865
CVCL_1389,866
CVCL_1390,867
CVCL_1391,868
CVCL_1392,869
CVCL_1393,870
CVCL_2582,871
CVCL_1394,872
CVCL_D085,873
CVCL_2106,874
CVCL_S808,875
CVCL_0400,876
CVCL_0401,877
CVCL_S675,878
CVCL_4571,879
CVCL_1396,880
CVCL_1397,881
CVCL_1399,882
CVCL_3020,883
CVCL_2583,884
CVCL_2585,885
CVCL_0598,886
CVCL_3633,887
CVCL_3744,888
CVCL_9579,889
CVCL_5552,890
CVCL_0617,891
CVCL_0618,892
CVCL_1400,893
CVCL_0062,894
CVCL_0619,895
CVCL_0620,896
CVCL_0621,897
CVCL_0418,898
CVCL_4748,899
CVCL_2588,900
CVCL_2110,901
CVCL_1401,902
CVCL_1870,903
CVCL_1871,904
CVCL_0425,905
CVCL_C694,906
CVCL_1402,907
CVCL_1403,908
CVCL_0V14,909
CVCL_1404,910
CVCL_VS57,911
CVCL_0445,912
CVCL_1405,913
CVCL_1406,914
CVCL_2112,915
CVCL_1407,916
CVCL_1408,917
CVCL_0426,918
CVCL_1409,919
CVCL_0089,920
CVCL_1410,921
CVCL_1411,922
CVCL_1412,923
CVCL_1413,924
CVCL_0428,925
CVCL_1872,926
CVCL_1414,927
CVCL_EQ71,928
CVCL_D027,929
CVCL_1415,930
CVCL_1416,931
CVCL_0434,932
CVCL_1417,933
CVCL_2791,934
CVCL_H525,935
CVCL_1418,936
CVCL_1419,937
CVCL_8792,938
CVCL_1420,939
CVCL_1421,940
CVCL_1439,941
CVCL_2613,942
CVCL_2614,943
CVCL_2119,944
CVCL_2120,945
CVCL_2122,946
CVCL_2123,947
CVCL_2124,948
CVCL_1422,949
CVCL_1424,950
CVCL_0624,951
CVCL_1425,952
CVCL_1426,953
CVCL_2618,954
CVCL_2620,955
CVCL_2127,956
CVCL_1427,957
CVCL_1428,958
CVCL_1429,959
CVCL_4996,960
CVCL_2129,961
CVCL_1433,962
CVCL_1873,963
CVCL_0064,964
CVCL_4774,965
CVCL_3035,966
CVCL_1435,967
CVCL_1436,968
CVCL_1434,969
CVCL_0091,970
CVCL_1835,971
CVCL_0092,972
CVCL_0067,973
CVCL_3041,974
CVCL_1440,975
CVCL_0005,976
CVCL_1448,977
CVCL_1450,978
CVCL_1451,979
CVCL_3055,980
CVCL_X505,981
CVCL_X506,982
CVCL_N739,983
CVCL_N740,984
CVCL_N741,985
CVCL_N742,986
CVCL_N743,987
CVCL_N744,988
CVCL_N746,989
CVCL_N747,990
CVCL_N748,991
CVCL_N749,992
CVCL_N750,993
CVCL_N723,994
CVCL_0V15,995
CVCL_N727,996
CVCL_N729,997
CVCL_N731,998
CVCL_N735,999
CVCL_N736,1000
CVCL_1453,1001
CVCL_1454,1002
CVCL_1455,1003
CVCL_1456,1004
CVCL_1458,1005
CVCL_1460,1006
CVCL_0060,1007
CVCL_1462,1008
CVCL_A472,1009
CVCL_1463,1010
CVCL_1464,1011
CVCL_1465,1012
CVCL_1466,1013
CVCL_1467,1014
CVCL_1468,1015
CVCL_1469,1016
CVCL_1470,1017
CVCL_1471,1018
CVCL_1472,1019
CVCL_1473,1020
CVCL_1474,1021
CVCL_1475,1022
CVCL_1476,1023
CVCL_1478,1024
CVCL_1479,1025
CVCL_1480,1026
CVCL_1481,1027
CVCL_1482,1028
CVCL_1484,1029
CVCL_1485,1030
CVCL_1487,1031
CVCL_1488,1032
CVCL_1489,1033
CVCL_1490,1034
CVCL_1491,1035
CVCL_1492,1036
CVCL_1493,1037
CVCL_1494,1038
CVCL_1495,1039
CVCL_1496,1040
CVCL_1498,1041
CVCL_1499,1042
CVCL_1500,1043
CVCL_1501,1044
CVCL_1503,1045
CVCL_1504,1046
CVCL_1505,1047
CVCL_1506,1048
CVCL_1507,1049
CVCL_1508,1050
CVCL_1509,1051
CVCL_1510,1052
CVCL_1511,1053
CVCL_1512,1054
CVCL_1514,1055
CVCL_1515,1056
CVCL_1516,1057
CVCL_1517,1058
CVCL_1518,1059
CVCL_1520,1060
CVCL_1521,1061
CVCL_1522,1062
CVCL_1523,1063
CVCL_1524,1064
CVCL_1525,1065
CVCL_1526,1066
CVCL_1527,1067
CVCL_1529,1068
CVCL_1530,1069
CVCL_1532,1070
CVCL_1533,1071
CVCL_1534,1072
CVCL_1535,1073
CVCL_1536,1074
CVCL_1537,1075
CVCL_1539,1076
CVCL_1540,1077
CVCL_1541,1078
CVCL_1542,1079
CVCL_1543,1080
CVCL_1545,1081
CVCL_1546,1082
CVCL_1549,1083
CVCL_1550,1084
CVCL_A532,1085
CVCL_A533,1086
CVCL_1551,1087
CVCL_1552,1088
CVCL_1553,1089
CVCL_A536,1090
CVCL_1554,1091
CVCL_A543,1092
CVCL_A545,1093
CVCL_A546,1094
CVCL_U994,1095
CVCL_U995,1096
CVCL_U996,1097
CVCL_1555,1098
CVCL_U997,1099
CVCL_U998,1100
CVCL_U999,1101
CVCL_V000,1102
CVCL_V001,1103
CVCL_A555,1104
CVCL_0455,1105
CVCL_A464,1106
CVCL_5160,1107
CVCL_1556,1108
CVCL_6831,1109
CVCL_1558,1110
CVCL_1559,1111
CVCL_1560,1112
CVCL_1561,1113
CVCL_1562,1114
CVCL_1564,1115
CVCL_1565,1116
CVCL_A570,1117
CVCL_1568,1118
CVCL_1569,1119
CVCL_1571,1120
CVCL_1572,1121
CVCL_1573,1122
CVCL_1574,1123
CVCL_1575,1124
CVCL_1576,1125
CVCL_1577,1126
CVCL_9980,1127
CVCL_1579,1128
CVCL_1581,1129
CVCL_1582,1130
CVCL_1583,1131
CVCL_1584,1132
CVCL_1585,1133
CVCL_1586,1134
CVCL_1587,1135
CVCL_1588,1136
CVCL_1590,1137
CVCL_1591,1138
CVCL_1592,1139
CVCL_1593,1140
CVCL_1594,1141
CVCL_1595,1142
CVCL_1596,1143
CVCL_A584,1144
CVCL_1597,1145
CVCL_1598,1146
CVCL_1599,1147
CVCL_1600,1148
CVCL_1602,1149
CVCL_1603,1150
CVCL_3043,1151
CVCL_1604,1152
CVCL_1605,1153
CVCL_1606,1154
CVCL_3755,1155
CVCL_1607,1156
CVCL_1608,1157
CVCL_1609,1158
CVCL_1610,1159
CVCL_3407,1160
CVCL_0034,1161
CVCL_1876,1162
CVCL_1877,1163
CVCL_1611,1164
CVCL_1612,1165
CVCL_3082,1166
CVCL_1613,1167
CVCL_1842,1168
CVCL_1843,1169
CVCL_1614,1170
CVCL_1615,1171
CVCL_1616,1172
CVCL_1617,1173
CVCL_1618,1174
CVCL_1619,1175
CVCL_1844,1176
CVCL_1620,1177
CVCL_8795,1178
CVCL_1878,1179
CVCL_8800,1180
CVCL_1881,1181
CVCL_2149,1182
CVCL_2150,1183
CVCL_3084,1184
CVCL_1622,1185
CVCL_2661,1186
CVCL_0471,1187
CVCL_IW56,1188
CVCL_9815,1189
CVCL_1623,1190
CVCL_1882,1191
CVCL_3075,1192
CVCL_3076,1193
CVCL_1624,1194
CVCL_1625,1195
CVCL_1626,1196
CVCL_EQ73,1197
CVCL_3086,1198
CVCL_3087,1199
CVCL_3088,1200
CVCL_3090,1201
CVCL_2672,1202
CVCL_2673,1203
CVCL_2675,1204
CVCL_3935,1205
CVCL_3936,1206
CVCL_3769,1207
CVCL_0475,1208
CVCL_3116,1209
CVCL_3770,1210
CVCL_3110,1211
CVCL_3111,1212
CVCL_3112,1213
CVCL_3114,1214
CVCL_3117,1215
CVCL_6429,1216
CVCL_1630,1217
CVCL_1631,1218
CVCL_1632,1219
CVCL_3119,1220
CVCL_2676,1221
CVCL_1633,1222
CVCL_1634,1223
CVCL_1635,1224
CVCL_1636,1225
CVCL_1637,1226
CVCL_1638,1227
CVCL_1639,1228
CVCL_1845,1229
CVCL_1846,1230
CVCL_1847,1231
CVCL_1640,1232
CVCL_S982,1233
CVCL_C171,1234
CVCL_C173,1235
CVCL_C184,1236
CVCL_C757,1237
CVCL_M471,1238
CVCL_4666,1239
CVCL_2678,1240
CVCL_2679,1241
CVCL_2680,1242
CVCL_2681,1243
CVCL_1913,1244
CVCL_2686,1245
CVCL_1641,1246
CVCL_3326,1247
CVCL_1642,1248
CVCL_4717,1249
CVCL_6748,1250
CVCL_6749,1251
CVCL_4897,1252
CVCL_4718,1253
CVCL_2161,1254
CVCL_X507,1255
CVCL_S976,1256
CVCL_3567,1257
CVCL_0485,1258
CVCL_5215,1259
CVCL_V626,1260
CVCL_1644,1261
CVCL_3775,1262
CVCL_3143,1263
CVCL_1645,1264
CVCL_0511,1265
CVCL_0597,1266
CVCL_1646,1267
CVCL_1883,1268
CVCL_1647,1269
CVCL_0498,1270
CVCL_1851,1271
CVCL_1648,1272
CVCL_2169,1273
CVCL_1884,1274
CVCL_1650,1275
CVCL_3152,1276
CVCL_4402,1277
CVCL_1651,1278
CVCL_1652,1279
CVCL_1653,1280
CVCL_1654,1281
CVCL_1655,1282
CVCL_3154,1283
CVCL_1656,1284
CVCL_1657,1285
CVCL_1658,1286
CVCL_1659,1287
CVCL_0041,1288
CVCL_2176,1289
CVCL_1885,1290
CVCL_3156,1291
CVCL_3787,1292
CVCL_1660,1293
CVCL_0505,1294
CVCL_1662,1295
CVCL_3158,1296
CVCL_1887,1297
CVCL_1664,1298
CVCL_1665,1299
CVCL_1667,1300
CVCL_1668,1301
CVCL_2182,1302
CVCL_0093,1303
CVCL_1670,1304
CVCL_0036,1305
CVCL_2714,1306
CVCL_1672,1307
CVCL_3791,1308
CVCL_3793,1309
CVCL_1674,1310
CVCL_H589,1311
CVCL_WS60,1312
CVCL_0548,1313
CVCL_5G89,1314
CVCL_1675,1315
CVCL_3160,1316
CVCL_1676,1317
CVCL_1678,1318
CVCL_1679,1319
CVCL_1888,1320
CVCL_3599,1321
CVCL_1681,1322
CVCL_1682,1323
CVCL_1683,1324
CVCL_1684,1325
CVCL_1685,1326
CVCL_3161,1327
CVCL_1687,1328
CVCL_0024,1329
CVCL_2186,1330
CVCL_0095,1331
CVCL_2187,1332
CVCL_1688,1333
CVCL_V613,1334
CVCL_6950,1335
CVCL_K085,1336
CVCL_5167,1337
CVCL_1692,1338
CVCL_0019,1339
CVCL_1693,1340
CVCL_1694,1341
CVCL_0032,1342
CVCL_1695,1343
CVCL_2193,1344
CVCL_1441,1345
CVCL_1442,1346
CVCL_1443,1347
CVCL_1444,1348
CVCL_1445,1349
CVCL_8822,1350
CVCL_8823,1351
CVCL_8824,1352
CVCL_1697,1353
CVCL_0033,1354
CVCL_5217,1355
CVCL_5218,1356
CVCL_0626,1357
CVCL_0627,1358
CVCL_2194,1359
CVCL_2195,1360
CVCL_0525,1361
CVCL_0628,1362
CVCL_0629,1363
CVCL_0068,1364
CVCL_6027,1365
CVCL_0599,1366
CVCL_0550,1367
CVCL_0600,1368
CVCL_1698,1369
CVCL_1699,1370
CVCL_1700,1371
CVCL_0528,1372
CVCL_0167,1373
CVCL_1701,1374
CVCL_1702,1375
CVCL_0530,1376
CVCL_1398,1377
CVCL_0531,1378
CVCL_0631,1379
CVCL_1703,1380
CVCL_V605,1381
CVCL_6186,1382
CVCL_0533,1383
CVCL_1704,1384
CVCL_0098,1385
CVCL_3167,1386
CVCL_3168,1387
CVCL_V606,1388
CVCL_V607,1389
CVCL_V609,1390
CVCL_V610,1391
CVCL_V611,1392
CVCL_V612,1393
CVCL_1707,1394
CVCL_0099,1395
CVCL_5002,1396
CVCL_5003,1397
CVCL_L085,1398
CVCL_5005,1399
CVCL_5006,1400
CVCL_5007,1401
CVCL_5008,1402
CVCL_5010,1403
CVCL_5014,1404
CVCL_5015,1405
CVCL_5016,1406
CVCL_5017,1407
CVCL_8788,1408
CVCL_0076,1409
CVCL_5031,1410
CVCL_0090,1411
CVCL_5033,1412
CVCL_5034,1413
CVCL_3946,1414
CVCL_5038,1415
CVCL_5044,1416
CVCL_5048,1417
CVCL_5051,1418
CVCL_5054,1419
CVCL_0250,1420
CVCL_0077,1421
CVCL_5058,1422
CVCL_5059,1423
CVCL_0366,1424
CVCL_0454,1425
CVCL_5063,1426
CVCL_5064,1427
CVCL_0497,1428
CVCL_5065,1429
CVCL_0100,1430
CVCL_5069,1431
CVCL_0078,1432
CVCL_5071,1433
CVCL_5072,1434
CVCL_0101,1435
CVCL_5078,1436
CVCL_5079,1437
CVCL_5080,1438
CVCL_0102,1439
CVCL_5081,1440
CVCL_5083,1441
CVCL_5086,1442
CVCL_5087,1443
CVCL_5089,1444
CVCL_5096,1445
CVCL_5098,1446
CVCL_5100,1447
CVCL_5101,1448
CVCL_5102,1449
CVCL_5103,1450
CVCL_5105,1451
CVCL_1708,1452
CVCL_1709,1453
CVCL_1710,1454
CVCL_5111,1455
CVCL_5112,1456
CVCL_4900,1457
CVCL_1712,1458
CVCL_X508,1459
CVCL_0538,1460
CVCL_1889,1461
CVCL_1890,1462
CVCL_0539,1463
CVCL_1735,1464
CVCL_2206,1465
CVCL_2207,1466
CVCL_3881,1467
CVCL_3172,1468
CVCL_3421,1469
CVCL_5589,1470
CVCL_3422,1471
CVCL_5423,1472
CVCL_5591,1473
CVCL_3423,1474
CVCL_5593,1475
CVCL_5594,1476
CVCL_3424,1477
CVCL_3425,1478
CVCL_0103,1479
CVCL_1713,1480
CVCL_2208,1481
CVCL_2209,1482
CVCL_1714,1483
CVCL_2210,1484
CVCL_1715,1485
CVCL_0544,1486
CVCL_1716,1487
CVCL_0542,1488
CVCL_0543,1489
CVCL_1717,1490
CVCL_1718,1491
CVCL_1719,1492
CVCL_1720,1493
CVCL_1721,1494
CVCL_1722,1495
CVCL_1723,1496
CVCL_0545,1497
CVCL_1724,1498
CVCL_0546,1499
CVCL_3799,1500
CVCL_3603,1501
CVCL_1725,1502
CVCL_1726,1503
CVCL_1727,1504
CVCL_1728,1505
CVCL_1730,1506
CVCL_1731,1507
CVCL_0632,1508
CVCL_1732,1509
CVCL_1733,1510
CVCL_1734,1511
CVCL_7146,1512
CVCL_3174,1513
CVCL_3605,1514
CVCL_0554,1515
CVCL_8067,1516
CVCL_4056,1517
CVCL_K229,1518
CVCL_0555,1519
CVCL_3176,1520
CVCL_1736,1521
CVCL_3177,1522
CVCL_1737,1523
CVCL_3178,1524
CVCL_1738,1525
CVCL_1740,1526
CVCL_1743,1527
CVCL_1754,1528
CVCL_1755,1529
CVCL_1759,1530
CVCL_1760,1531
CVCL_1761,1532
CVCL_1762,1533
CVCL_3336,1534
CVCL_1763,1535
CVCL_3337,1536
CVCL_1764,1537
CVCL_1765,1538
CVCL_1766,1539
CVCL_1767,1540
CVCL_E063,1541
CVCL_2776,1542
CVCL_0559,1543
CVCL_1768,1544
CVCL_1769,1545
CVCL_1770,1546
CVCL_1771,1547
CVCL_0006,1548
CVCL_V617,1549
CVCL_3216,1550
CVCL_6735,1551
CVCL_8001,1552
CVCL_4384,1553
CVCL_3806,1554
CVCL_3611,1555
CVCL_3612,1556
CVCL_3613,1557
CVCL_1774,1558
CVCL_2218,1559
CVCL_8007,1560
CVCL_5952,1561
CVCL_5953,1562
CVCL_5957,1563
CVCL_1775,1564
CVCL_1776,1565
CVCL_3221,1566
CVCL_0633,1567
CVCL_0020,1568
CVCL_A758,1569
CVCL_1896,1570
CVCL_4773,1571
CVCL_0017,1572
CVCL_0022,1573
CVCL_0007,1574
CVCL_2738,1575
CVCL_4988,1576
CVCL_4989,1577
CVCL_0566,1578
CVCL_0042,1579
CVCL_4042,1580
CVCL_1781,1581
CVCL_1782,1582
CVCL_M009,1583
CVCL_E325,1584
CVCL_3237,1585
CVCL_E996,1586
CVCL_0104,1587
CVCL_2739,1588
CVCL_2741,1589
CVCL_2743,1590
CVCL_1783,1591
CVCL_1784,1592
CVCL_B076,1593
CVCL_1899,1594
CVCL_2233,1595
CVCL_1785,1596
CVCL_1819,1597
CVCL_3169,1598
CVCL_1786,1599
CVCL_1787,1600
CVCL_1788,1601
CVCL_1789,1602
CVCL_1790,1603
CVCL_1791,1604
CVCL_2760,1605
CVCL_2761,1606
CVCL_0040,1607
CVCL_6785,1608
CVCL_6472,1609
CVCL_A341,1610
CVCL_6795,1611
CVCL_2765,1612
CVCL_6473,1613
CVCL_0580,1614
CVCL_8787,1615
CVCL_6805,1616
CVCL_6807,1617
CVCL_6809,1618
CVCL_0582,1619
CVCL_1902,1620
CVCL_1903,1621
CVCL_1793,1622
CVCL_6C44,1623
CVCL_1794,1624
CVCL_8929,1625
CVCL_8930,1626
CVCL_L083,1627
CVCL_L079,1628
CVCL_1795,1629
CVCL_1796,1630
CVCL_2814,1631
CVCL_2815,1632
CVCL_1797,1633
CVCL_1661,1634
CVCL_5614,1635
NA,1636
NA,1637
NA,1638
NA,1639
NA,1640
NA,1641
NA,1642
NA,1643
NA,1644
NA,1645
NA,1646
NA,1647
NA,1648
NA,1649
NA,1650
NA,1651
NA,1652
NA,1653
NA,1654
NA,1655
NA,1656
NA,1657
NA,1658
NA,1659
NA,1660
NA,1661
NA,1662
NA,1663
NA,1664
NA,1665
NA,1666
NA,1667
NA,1668
NA,1669
NA,1670
NA,1671
NA,1672
NA,1673
NA,1674
NA,1675
NA,1676
CVCL_0125,1677
CVCL_5246,1678
CVCL_5248,1679
CVCL_2H54,1680
CVCL_JF18,1681
CVCL_YX83,1682
CVCL_Y053,1683
CVCL_4791,1684
CVCL_9827,1685
CVCL_1570,1686
CVCL_B260,1687
CVCL_IP22,1688
CVCL_YX86,1689
NA,1690
NA,1691
NA,1692
NA,1693
NA,1694
NA,1695
NA,1696
NA,1697
NA,1698
NA,1699
NA,1700
NA,1701
NA,1702
NA,1703
NA,1704
NA,1705
NA,1706
NA,1707
NA,1708
NA,1709
NA,1710
NA,1711
NA,1712
NA,1713
NA,1714
NA,1715
NA,1716
NA,1717
NA,1718
NA,1719
NA,1720
NA,1721
NA,1722
NA,1723
NA,1724
NA,1725
NA,1726
NA,1727
NA,1728
NA,1729