id,cid
1,3385
2,11960529
3,24856436
4,11977753
5,387447
6,38904
7,2907
8,3062316
9,5743
10,46926350
11,31703
12,176870
13,36462
14,60750
15,208908
16,24964624
17,59691338
18,24958200
19,24748204
20,11520894
21,46239015
22,15953832
23,4091
24,126941
25,5746
26,9826528
27,36314
28,104842
29,216239
30,5329102
31,5394
32,60700
33,13342
34,5311497
35,5311
36,5288382
37,657237
38,132971
39,2094
40,2123
41,2141
42,123608
43,2187
44,6450551
45,9444
46,77082
47,72466
48,2478
49,9854073
50,60953
51,2578
52,2662
53,2708
54,20279
55,119182
56,11626560
57,6252
58,5353562
59,457193
60,62770
61,451668
62,71384
63,148124
64,443939
65,17755248
66,176871
67,444000
68,6442177
69,60198
70,5790
71,104741
72,123631
73,60749
74,3657
75,3690
76,123596
77,57469
78,6445540
79,216326
80,3902
81,3950
82,5935
83,11683
84,460612
85,667490
86,4114
87,4211
88,4212
89,3011155
90,644241
91,11525740
92,6918197
93,439693
94,4842
95,163659
96,148121
97,9703
98,5351141
99,54900
100,5352062
101,25126798
102,5284616
103,406563
104,29327
105,2733525
106,452548
107,5426
108,2723601
109,5453
110,60699
111,444795
112,5799
113,6194
114,454216
115,3081361
116,42611257
117,5388983
118,249332
119,11607738
120,24776445
121,68740
122,216454
123,9887054
124,41867
125,14888
126,84691
127,42890
128,11876263
129,5493444
130,2719
131,5311068
132,5719
133,4011
134,6883
135,92722
136,7550
137,19861
138,119570
139,5831
140,3036780
141,3019427
142,2165
143,77999
144,16231
145,3652
146,60606
147,19493
148,65028
149,5748
150,681
151,5566
152,3002977
153,130904
154,158781
155,3055
156,4688
157,4054
158,5324346
159,65725
160,60753
161,6178111
162,68617
163,5360515
164,39764
165,4201
166,5572
167,13109
168,3696
169,3373
170,4735
171,13789
172,208898
173,4121
174,6013
175,5070
176,5546
177,83898
178,2471
179,6253
180,3955
181,4499
182,5358
183,4369359
184,3117
185,2733526
186,11243969
187,150311
188,2769
189,5073
190,10531
191,6918296
192,5833
193,5212
194,5585
195,41774
196,5281081
197,441207
198,24066
199,4197
200,5284513
201,447043
202,3779
203,4477
204,60795
205,6323490
206,4030
207,5991
208,448812
209,1935
210,5717
211,130881
212,3052
213,5462501
214,6018
215,26879
216,4032
217,4915
218,216237
219,10090750
220,456410
221,446156
222,3637
223,5755
224,208902
225,60648
226,2170
227,5401
228,68911
229,55283
230,5291
231,9651
232,60838
233,3033637
234,445643
235,394397
236,3108
237,157920
238,2249
239,5504
240,8226
241,4202
242,9049
243,40692
244,6437380
245,5577
246,6914273
247,5816
248,5533
249,5323714
250,91649
251,62886
252,6100
253,3883
254,3397
255,2082
256,5578
257,219078
258,441300
259,5311181
260,56959
261,13520
262,4891
263,15459
264,101722515
265,3878
266,3229
267,3156
268,25249
269,441314
270,54675776
271,5326
272,121396
273,5311309
274,446541
275,4037
276,54680692
277,4075
278,4173
279,3767
280,65016
281,5430
282,41684
283,657298
284,122108
285,6234
286,37542
287,3019
288,4060
289,7697
290,5284627
291,14052
292,38853
293,60490
294,2576
295,3446
296,115355
297,1986
298,4641
299,4649
300,656583
301,165580
302,2771
303,37393
304,667484
305,9690109
306,441350
307,54684141
308,33036
309,104865
310,3009
311,6435415
312,121858
313,54671008
314,2797
315,2733
316,130313
317,134018
318,9570757
319,129228
320,74989
321,449381
322,64139
323,156419
324,51634
325,4912
326,4909
327,1990
328,6151
329,5342
330,3342
331,54675769
332,3034034
333,3454
334,10113978
335,5734
336,5479
337,3331
338,1989
339,3038
340,3406
341,3899
342,4911
343,1046
344,2284
345,2796
346,1047
347,3121
348,2153
349,446987
350,5526
351,120181
352,16667669
353,5568
354,9930913
355,4826
356,517546
357,2130
358,22475
359,2477
360,6839
361,6918365
362,3415
363,38521
364,5310966
365,119119
366,12314839
367,71158
368,3519
369,5284583
370,5920
371,4674
372,3034010
373,9846180
374,6321424
375,13769
376,6337614
377,104858
378,5849
379,5284592
380,5360696
381,9927978
382,5351166
383,3085106
384,54610154
385,439525
386,25136944
387,446556
388,5035
389,44415057
390,3363
391,5351180
392,1805
393,1546
394,3367
395,54600319
396,426756
397,354624
398,356653
399,248862
400,400633
401,54608520
402,241902
403,41744
404,6326719
405,32874
406,23615975
407,16886
408,40926
409,24197464
410,54611422
411,3685
412,57519526
413,54611489
414,5360373
415,441203
416,3503
417,227456
418,5213
419,31553
420,71279
421,5284373
422,6435893
423,42598643
424,5351307
425,144
426,243
427,253
428,323
429,444
430,564
431,896
432,904
433,932
434,936
435,938
436,967
437,1174
438,1183
439,1400
440,1401
441,1645
442,1673
443,1732
444,1775
445,1981
446,1985
447,2022
448,2044
449,2049
450,2051
451,2052
452,2125
453,2145
454,2148
455,2155
456,2159
457,2162
458,2176
459,2196
460,2206
461,2214
462,2230
463,2244
464,2265
465,2310
466,2315
467,2333
468,2337
469,2355
470,2369
471,2375
472,2378
473,2391
474,2415
475,2438
476,2453
477,2466
478,2540
479,2541
480,2554
481,2577
482,2581
483,2585
484,2682
485,2717
486,2720
487,2722
488,2727
489,2741
490,2746
491,2749
492,2754
493,2756
494,2762
495,2763
496,2787
497,2794
498,2812
499,2818
500,2893
501,3023
502,3151
503,3168
504,3169
505,3182
506,3191
507,3218
508,3220
509,3308
510,3324
511,3326
512,3333
513,3334
514,3339
515,3362
516,3365
517,3366
518,3371
519,3374
520,3394
521,3440
522,3463
523,3474
524,3475
525,3476
526,3478
527,3488
528,3499
529,3516
530,3549
531,3559
532,3606
533,3639
534,3672
535,3676
536,3686
537,3702
538,3712
539,3715
540,3747
541,3749
542,3752
543,3784
544,3795
545,3822
546,3825
547,3826
548,3830
549,3885
550,3957
551,3973
552,3994
553,4006
554,4008
555,4021
556,4044
557,4055
558,4100
559,4101
560,4107
561,4122
562,4165
563,4170
564,4189
565,4205
566,4235
567,4261
568,4409
569,4410
570,4418
571,4421
572,4440
573,4463
574,4472
575,4485
576,4487
577,4488
578,4494
579,4495
580,4497
581,4507
582,4585
583,4594
584,4614
585,4621
586,4622
587,4708
588,4713
589,4725
590,4760
591,4781
592,4784
593,4788
594,4810
595,4823
596,4829
597,4843
598,4855
599,4858
600,4875
601,4878
602,4887
603,4888
604,4906
605,4993
606,5042
607,5071
608,5090
609,5092
610,5094
611,5155
612,5161
613,5186
614,5215
615,5253
616,5258
617,5323
618,5324
619,5325
620,5327
621,5328
622,5329
623,5330
624,5333
625,5336
626,5340
627,5344
628,5359
629,5379
630,5381
631,5386
632,5405
633,5429
634,5482
635,5483
636,5505
637,5510
638,5560
639,5593
640,5597
641,5614
642,5656
643,5694
644,5720
645,5730
646,5742
647,5745
648,5754
649,5756
650,5757
651,5763
652,5770
653,5780
654,5795
655,5803
656,5807
657,5815
658,5818
659,5819
660,5865
661,5870
662,5881
663,5905
664,5909
665,5959
666,5970
667,5974
668,5978
669,5994
670,6009
671,6019
672,6021
673,6029
674,6048
675,6060
676,6072
677,6103
678,6126
679,6135
680,6169
681,6172
682,6175
683,6209
684,6215
685,6230
686,6240
687,6251
688,6256
689,6279
690,6291
691,6293
692,6301
693,6436
694,6461
695,6503
696,6613
697,6741
698,6802
699,6872
700,6890
701,6912
702,7020
703,7108
704,7172
705,7533
706,7638
707,8228
708,8478
709,8515
710,8567
711,8574
712,8593
713,8617
714,8646
715,8691
716,8695
717,8732
718,8742
719,8798
720,8955
721,8980
722,9015
723,9051
724,9066
725,9082
726,9270
727,9351
728,9433
729,9458
730,9642
731,9782
732,9880
733,9903
734,10114
735,10133
736,10206
737,10207
738,10208
739,10228
740,10235
741,10237
742,10494
743,10621
744,10639
745,10648
746,10701
747,10830
748,10866
749,10917
750,10921
751,10930
752,11057
753,11065
754,11079
755,11092
756,11102
757,11224
758,11273
759,11548
760,12035
761,12456
762,12560
763,12597
764,13266
765,13770
766,13791
767,14051
768,14982
769,15443
770,15723
771,16230
772,16367
773,16490
774,17275
775,17506
776,17513
777,18343
778,19648
779,20179
780,20525
781,20933
782,21467
783,21700
784,21704
785,21718
786,22880
787,23360
788,23565
789,24360
790,25050
791,26248
792,26964
793,27200
794,27350
795,27447
796,28061
797,30751
798,31072
799,31211
800,31239
801,31307
802,31401
803,31728
804,32169
805,32798
806,33613
807,33630
808,34312
809,34359
810,35370
811,35802
812,36431
813,36708
814,37907
815,38911
816,39042
817,39212
818,39562
819,40632
820,40854
821,41114
822,41781
823,42574
824,42786
825,43231
826,44093
827,44187
828,44383
829,44561
830,47320
831,47471
832,47528
833,47812
834,47866
835,47936
836,50248
837,50515
838,50599
839,50942
840,51040
841,51082
842,51712
843,51754
844,53232
845,54259
846,54360
847,54405
848,54454
849,54840
850,54889
851,54891
852,55182
853,55245
854,56031
855,56205
856,56207
857,56329
858,56704
859,57363
860,59772
861,60164
862,60464
863,60560
864,60651
865,60656
866,60772
867,60822
868,60825
869,60834
870,60837
871,60846
872,60855
873,60857
874,60871
875,60877
876,60961
877,62074
878,62853
879,62857
880,62859
881,62878
882,62882
883,62920
884,62935
885,62969
886,62978
887,63002
888,63009
889,64150
890,64648
891,64710
892,64713
893,64715
894,64737
895,64769
896,64945
897,64971
898,64982
899,65243
900,65264
901,65335
902,65340
903,65341
904,65348
905,65399
906,65464
907,65483
908,65495
909,65625
910,65632
911,65752
912,65777
913,65859
914,65935
915,65944
916,65948
917,65958
918,65981
919,65999
920,66062
921,66064
922,66065
923,66070
924,66136
925,66259
926,66414
927,67533
928,68077
929,68304
930,68313
931,68539
932,68546
933,68551
934,68553
935,68554
936,68589
937,68591
938,68601
939,68624
940,68626
941,68643
942,68647
943,68654
944,68727
945,68827
946,68844
947,68861
948,68873
949,71157
950,71183
951,71188
952,71234
953,71301
954,71329
955,71352
956,71354
957,71360
958,71399
959,71420
960,71478
961,71485
962,71616
963,71651
964,71668
965,71764
966,71773
967,71815
968,71916
969,72092
970,72139
971,72281
972,72300
973,72301
974,72303
975,72307
976,72344
977,73078
978,73087
979,73115
980,73356
981,73442
982,73581
983,73957
984,76219
985,76621
986,77997
987,78000
988,82146
989,82148
990,83823
991,83969
992,84029
993,86471
994,90045
995,91430
996,91466
997,91469
998,91505
999,91513
1000,91610
1001,92151
1002,92727
1003,92965
1004,100016
1005,101526
1006,101744
1007,102175
1008,102484
1009,104758
1010,104762
1011,104769
1012,104850
1013,107526
1014,107751
1015,107848
1016,107969
1017,107985
1018,108013
1019,108130
1020,108143
1021,110632
1022,110635
1023,114811
1024,114850
1025,114869
1026,114917
1027,115067
1028,115087
1029,115269
1030,119034
1031,119245
1032,119369
1033,119525
1034,119583
1035,119607
1036,122125
1037,123607
1038,123964
1039,123985
1040,124087
1041,125001
1042,125017
1043,127150
1044,132519
1045,133021
1046,134601
1047,134780
1048,135191
1049,137994
1050,146571
1051,148195
1052,148201
1053,149096
1054,150762
1055,151075
1056,151166
1057,151170
1058,153921
1059,153994
1060,153997
1061,154417
1062,155290
1063,155815
1064,156391
1065,156414
1066,156418
1067,156422
1068,157313
1069,158550
1070,158758
1071,159269
1072,159278
1073,159324
1074,159325
1075,159968
1076,160254
1077,160355
1078,160436
1079,161557
1080,162147
1081,163263
1082,163701
1083,163751
1084,164521
1085,164676
1086,165457
1087,165542
1088,166558
1089,167980
1090,168993
1091,170367
1092,174174
1093,175804
1094,176155
1095,176158
1096,176406
1097,176873
1098,179651
1099,180081
1100,181458
1101,185462
1102,189821
1103,193962
1104,196968
1105,200103
1106,207841
1107,210172
1108,214347
1109,216322
1110,216345
1111,216457
1112,219025
1113,219099
1114,222285
1115,225362
1116,238053
1117,240767
1118,252682
1119,300471
1120,310360
1121,311434
1122,312145
1123,327653
1124,346721
1125,374536
1126,392622
1127,398148
1128,400169
1129,400769
1130,439501
1131,439503
1132,439533
1133,440936
1134,441130
1135,441140
1136,441242
1137,441302
1138,441307
1139,441325
1140,441328
1141,441336
1142,441344
1143,441345
1144,441351
1145,441401
1146,441411
1147,442021
1148,442088
1149,442424
1150,442428
1151,442439
1152,442514
1153,442534
1154,442614
1155,443354
1156,443867
1157,443873
1158,443878
1159,443936
1160,443943
1161,444020
1162,444025
1163,444030
1164,444036
1165,444679
1166,444732
1167,445154
1168,445858
1169,446598
1170,447912
1171,447966
1172,448013
1173,448014
1174,448537
1175,448799
1176,449054
1177,449193
1178,456199
1179,456201
1180,456389
1181,462382
1182,464205
1183,468595
1184,470375
1185,509554
1186,517321
1187,521106
1188,521951
1189,568416
1190,610479
1191,616236
1192,636377
1193,636402
1194,637568
1195,638024
1196,638278
1197,644213
1198,656516
1199,656586
1200,656631
1201,656665
1202,656667
1203,656867
1204,657201
1205,657302
1206,657308
1207,666418
1208,667467
1209,667493
1210,667639
1211,672296
1212,675434
1213,676352
1214,688272
1215,689043
1216,702558
1217,704473
1218,753704
1219,789882
1220,791637
1221,836002
1222,899323
1223,929262
1224,969516
1225,1013376
1226,1048267
1227,1048845
1228,1074953
1229,1088438
1230,1150897
1231,1204893
1232,1269845
1233,1271002
1234,1274465
1235,1349907
1236,1361334
1237,1383884
1238,1548887
1239,1549008
1240,1549120
1241,1549517
1242,1550286
1243,1554208
1244,1615267
1245,1791111
1246,1794427
1247,1893668
1248,1893730
1249,1901244
1250,2296132
1251,2723716
1252,2723754
1253,2724368
1254,2725048
1255,2726824
1256,2729042
1257,2733079
1258,2761171
1259,2777391
1260,2779853
1261,2797577
1262,2800647
1263,2807869
1264,2809273
1265,2817763
1266,2819993
1267,2828334
1268,3001055
1269,3003141
1270,3005572
1271,3010818
1272,3025944
1273,3025961
1274,3025986
1275,3032771
1276,3033825
1277,3033832
1278,3033968
1279,3035714
1280,3038502
1281,3038522
1282,3038525
1283,3045381
1284,3052762
1285,3052775
1286,3085092
1287,3825829
1288,4022878
1289,4068248
1290,4210951
1291,4331799
1292,4521392
1293,4659569
1294,4908365
1295,5018304
1296,5081913
1297,5113032
1298,5277135
1299,5278396
1300,5280343
1301,5280373
1302,5280378
1303,5280443
1304,5280445
1305,5280453
1306,5280489
1307,5280567
1308,5280569
1309,5280723
1310,5280793
1311,5280794
1312,5280795
1313,5280805
1314,5280863
1315,5280961
1316,5280965
1317,5281004
1318,5281025
1319,5281032
1320,5281034
1321,5281056
1322,5281065
1323,5281066
1324,5281067
1325,5281068
1326,5281069
1327,5281078
1328,5281107
1329,5281222
1330,5281417
1331,5281437
1332,5281605
1333,5281607
1334,5281612
1335,5281613
1336,5281614
1337,5281670
1338,5281672
1339,5281673
1340,5281708
1341,5281718
1342,5281787
1343,5281807
1344,5281899
1345,5282136
1346,5282138
1347,5282139
1348,5282181
1349,5282230
1350,5282379
1351,5282386
1352,5282402
1353,5282407
1354,5282408
1355,5282440
1356,5282451
1357,5282455
1358,5282458
1359,5282474
1360,5282481
1361,5282521
1362,5283731
1363,5283820
1364,5284329
1365,5284360
1366,5284419
1367,5284441
1368,5284443
1369,5284447
1370,5284452
1371,5284544
1372,5284587
1373,5284631
1374,5287620
1375,5287844
1376,5287855
1377,5289501
1378,5310993
1379,5311027
1380,5311037
1381,5311066
1382,5311180
1383,5311217
1384,5311272
1385,5311339
1386,5311345
1387,5311498
1388,5311510
1389,5312125
1390,5312149
1391,5318517
1392,5318997
1393,5321010
1394,5328779
1395,5328940
1396,5329006
1397,5329098
1398,5329775
1399,5330790
1400,5335621
1401,5337997
1402,5353431
1403,5353472
1404,5353940
1405,5353980
1406,5359405
1407,5362123
1408,5362129
1409,5362422
1410,5381226
1411,5388961
1412,5447130
1413,5458190
1414,5459308
1415,5459840
1416,5464092
1417,5464343
1418,5485201
1419,5486699
1420,5487525
1421,5493381
1422,5494449
1423,5495818
1424,5702062
1425,5702160
1426,5702220
1427,5702541
1428,5717066
1429,5717148
1430,5717801
1431,5742832
1432,5754137
1433,5924208
1434,6323497
1435,6398764
1436,6410734
1437,6419898
1438,6419941
1439,6420013
1440,6420040
1441,6420138
1442,6422124
1443,6435335
1444,6436173
1445,6436208
1446,6437877
1447,6438130
1448,6440181
1449,6444206
1450,6444692
1451,6445226
1452,6445533
1453,6445562
1454,6449107
1455,6451164
1456,6473883
1457,6505803
1458,6519698
1459,6603108
1460,6604561
1461,6605258
1462,6850808
1463,6851740
1464,6851947
1465,6852167
1466,6852391
1467,6878030
1468,6915744
1469,6915944
1470,6917719
1471,6917733
1472,6917864
1473,6918078
1474,6918178
1475,6918203
1476,6918289
1477,6918313
1478,6918427
1479,6918446
1480,6918454
1481,6918456
1482,6918462
1483,6918463
1484,6918493
1485,6918537
1486,6918540
1487,6918638
1488,6918664
1489,6918848
1490,6918852
1491,7251185
1492,8582409
1493,9549284
1494,9549289
1495,9549295
1496,9549298
1497,9549305
1498,9560989
1499,9576185
1500,9578005
1501,9796068
1502,9796590
1503,9803433
1504,9804991
1505,9808844
1506,9818682
1507,9819382
1508,9821849
1509,9823820
1510,9824562
1511,9825149
1512,9825285
1513,9827599
1514,9827968
1515,9832292
1516,9834591
1517,9839311
1518,9840076
1519,9843750
1520,9843900
1521,9849808
1522,9858940
1523,9860529
1524,9865515
1525,9865528
1526,9868037
1527,9869929
1528,9870009
1529,9871419
1530,9874913
1531,9875401
1532,9884685
1533,9887712
1534,9887867
1535,9888590
1536,9891303
1537,9892071
1538,9893571
1539,9894584
1540,9901617
1541,9903786
1542,9906942
1543,9907093
1544,9909368
1545,9910224
1546,9910486
1547,9910986
1548,9911830
1549,9913405
1550,9914412
1551,9915743
1552,9926054
1553,9926791
1554,9927531
1555,9929138
1556,9931953
1557,9933439
1558,9933475
1559,9934347
1560,9934458
1561,9936012
1562,9936727
1563,9937686
1564,9941095
1565,9943465
1566,9952773
1567,9956222
1568,9958103
1569,9967941
1570,9977819
1571,10026128
1572,10027278
1573,10034073
1574,10041070
1575,10074640
1576,10077147
1577,10090485
1578,10096043
1579,10096344
1580,10127622
1581,10138980
1582,10141893
1583,10142586
1584,10152654
1585,10158940
1586,10160238
1587,10174505
1588,10182969
1589,10184653
1590,10202642
1591,10231331
1592,10253143
1593,10256643
1594,10275789
1595,10280735
1596,10288191
1597,10296883
1598,10297043
1599,10302451
1600,10309252
1601,10341154
1602,10366136
1603,10367662
1604,10427712
1605,10434468
1606,10435235
1607,10437018
1608,10461508
1609,10959536
1610,11074431
1611,11152667
1612,11154925
1613,11167602
1614,11175137
1615,11178236
1616,11188409
1617,11210478
1618,11213558
1619,11214940
1620,11219835
1621,11222830
1622,11226684
1623,11228183
1624,11234052
1625,11238147
1626,11238823
1627,11248671
1628,11249084
1629,11256664
1630,11256720
1631,11282283
1632,11285588
1633,11292191
1634,11296583
1635,11313622
1636,11314340
1637,11317348
1638,11326715
1639,11327430
1640,11338033
1641,11358077
1642,11364421
1643,11373846
1644,11381449
1645,11383075
1646,11398092
1647,11427553
1648,11431660
1649,11431811
1650,11442891
1651,11450633
1652,11454028
1653,11455910
1654,11462174
1655,11465183
1656,11476171
1657,11477084
1658,11485656
1659,11488320
1660,11502647
1661,11511120
1662,11519741
1663,11538455
1664,11556427
1665,11556711
1666,11561674
1667,11565518
1668,11570805
1669,11591741
1670,11595431
1671,11609586
1672,11609955
1673,11612883
1674,11617559
1675,11620908
1676,11625818
1677,11630874
1678,11640390
1679,11646823
1680,11647372
1681,11655119
1682,11656518
1683,11671467
1684,11673085
1685,11676373
1686,11676786
1687,11689883
1688,11696609
1689,11707110
1690,11712649
1691,11713159
1692,11715767
1693,11717001
1694,11745519
1695,11751549
1696,11754511
1697,11949646
1698,11955716
1699,11955855
1700,11957660
1701,11957668
1702,11957684
1703,11957721
1704,11963579
1705,11984591
1706,11998575
1707,12934390
1708,13559281
1709,13943299
1710,14010333
1711,14010989
1712,14240392
1713,15527165
1714,15547703
1715,15951529
1716,15953870
1717,15983966
1718,16004692
1719,16007367
1720,16007391
1721,16038120
1722,16038374
1723,16041424
1724,16051951
1725,16052026
1726,16052038
1727,16078973
1728,16078986
1729,16097729
1730,16118392
1731,16118986
1732,16124208
1733,16134395
1734,16202152
1735,16211283
1736,16211421
1737,16219612
1738,16220066
1739,16220172
1740,16307093
1741,16654980
1742,16666708
1743,16667431
1744,16678941
1745,16681698
1746,16718576
1747,16722832
1748,16722836
1749,16725726
1750,16736529
1751,16736978
1752,16747388
1753,16747683
1754,16750408
1755,16759159
1756,16759173
1757,16760588
1758,16760658
1759,16760696
1760,16760703
1761,17751063
1762,17751819
1763,17754438
1764,17755052
1765,18924996
1766,20849066
1767,20916937
1768,22024915
1769,22049997
1770,22386467
1771,22624897
1772,23116322
1773,23375329
1774,23582824
1775,23624255
1776,23625762
1777,23635314
1778,23642227
1779,23643975
1780,23662354
1781,23663126
1782,23663939
1783,23663941
1784,23663953
1785,23663956
1786,23663973
1787,23663976
1788,23663979
1789,23663996
1790,23665411
1791,23666110
1792,23666879
1793,23667548
1794,23667628
1795,23667630
1796,23667642
1797,23668193
1798,23668834
1799,23670516
1800,23671691
1801,23675743
1802,23685176
1803,23685177
1804,23693301
1805,23696523
1806,23711819
1807,23725083
1808,23725625
1809,24180719
1810,24211921
1811,24278976
1812,24720972
1813,24739943
1814,24748573
1815,24753719
1816,24756910
1817,24764449
1818,24768261
1819,24770514
1820,24771867
1821,24772860
1822,24775005
1823,24779724
1824,24781302
1825,24785538
1826,24788740
1827,24794418
1828,24795070
1829,24798764
1830,24800541
1831,24808478
1832,24812758
1833,24821094
1834,24826799
1835,24846633
1836,24856041
1837,24857286
1838,24858111
1839,24872560
1840,24889392
1841,24901704
1842,24905142
1843,24905149
1844,24963252
1845,24965990
1846,24978538
1847,24988881
1848,24995523
1849,24996872
1850,25015515
1851,25021165
1852,25023738
1853,25033539
1854,25062766
1855,25066467
1856,25067547
1857,25099184
1858,25102847
1859,25113626
1860,25124816
1861,25145656
1862,25151504
1863,25154041
1864,25154714
1865,25154867
1866,25167777
1867,25182616
1868,25183872
1869,25227436
1870,25229526
1871,25232708
1872,25243800
1873,25254071
1874,25260757
1875,25262792
1876,25262965
1877,42609626
1878,42623951
1879,42636535
1880,42642645
1881,42642648
1882,44137675
1883,44137946
1884,44139710
1885,44155856
1886,44187362
1887,44191096
1888,44195571
1889,44199317
1890,44206063
1891,44219749
1892,44224135
1893,44224160
1894,44240850
1895,44241539
1896,44247466
1897,44251605
1898,44424838
1899,44462760
1900,44483163
1901,44516953
1902,44607360
1903,44607530
1904,44607531
1905,44828492
1906,45139106
1907,45279963
1908,45375887
1909,45375953
1910,45489809
1911,46173038
1912,46191454
1913,46199207
1914,46199646
1915,46209401
1916,46209426
1917,46213929
1918,46216796
1919,46244454
1920,46832368
1921,46883536
1922,46885626
1923,46887681
1924,46893585
1925,46907787
1926,46911863
1927,46926973
1928,46930998
1929,46930999
1930,46931003
1931,46931012
1932,46931953
1933,46934289
1934,46940575
1935,46943432
1936,46945860
1937,49769085
1938,49784945
1939,49806720
1940,49836020
1941,49836027
1942,49836058
1943,49837968
1944,49846579
1945,49855250
1946,49867926
1947,49867928
1948,49867936
1949,49867937
1950,50878566
1951,50905713
1952,51000408
1953,51031035
1954,51038269
1955,51039095
1956,51066577
1957,51346120
1958,51348293
1959,51358113
1960,51371303
1961,52912189
1962,53235510
1963,53245636
1964,53245637
1965,53340666
1966,53356806
1967,53396311
1968,53399078
1969,53495165
1970,54575456
1971,54670067
1972,54675779
1973,54676228
1974,54677470
1975,54677946
1976,54677971
1977,54678490
1978,54679224
1979,54680660
1980,54682040
1981,54685047
1982,54685215
1983,54685920
1984,54686183
1985,54686904
1986,54690031
1987,54698642
1988,54704426
1989,54708532
1990,54726191
1991,54727588
1992,54766613
1993,56599293
1994,56645356
1995,56649450
1996,56650312
1997,56654642
1998,56843850
1999,56846693
2000,56948527
2001,56949517
2002,56956240
2003,56962337
2004,56973724
2005,57335384
2006,57336514
2007,57336745
2008,57336812
2009,57339395
2010,57345410
2011,57379345
2012,57390074
2013,57519544
2014,57662985
2015,57748689
2016,57990869
2017,59174488
2018,59174579
2019,59239165
2020,59472121
2021,59604787
2022,60138149
2023,60160561
2024,60195218
2025,66524294
2026,66558287
2027,66558664
2028,67811385
2029,68534624
2030,68853159
2031,71271629
2032,71295844
2033,71295845
2034,71315139
2035,71481097
2036,71496742
2037,71521142
2038,71576678
2039,71601111
2040,71729974
2041,72199292
2042,72200024
2043,72201027
2044,72551585
2045,72716071
2046,73211763
2047,73777259
2048,86278937
2049,6714010
2050,2767
2051,11957594
2052,9887053
2053,60196281
2054,26041
2055,907504
2056,5287792
2057,65064
2058,65628
2059,5351344
2060,9949641
2061,3476986
2062,12947
2063,14219
2064,46780884
2065,5311382
2066,9806229
2067,11667893
2068,9809715
2069,9811611
2070,56973714
2071,10461815
2072,11858109
2073,10607
2074,11524144
2075,16218924
2076,10316032
2077,16097523
2078,25195294
2079,11493841
2080,148177
2081,9908783
2082,6857685
2083,24882589
2084,44599690
2085,107935
2086,5469318
2087,11964036
2088,9938203
2089,3008319
2090,9871074
2091,644243
2092,57519527
2093,22291652
2094,265237
2095,9949093
2096,9929127
2097,6197
2098,9956119
2099,9829162
2100,45279469
2101,44551660
2102,17756618
2103,72311
2104,1317464
2105,5287969
2106,448991
2107,9902100
2108,5330286
2109,24995524
2110,24776050
2111,44182295
2112,46843772
2113,53317853
2114,11598628
2115,11467730
2116,9829523
2117,176167
2118,11577725
2119,53484170
2120,9826308
2121,5312122
2122,5312126
2123,16095342
2124,448042
2125,25022668
2126,16659841
2127,46398810
2128,72757535
2129,57519505
2130,52948550
2131,6419753
2132,442972
2133,1367095
2134,49867930
2135,46927888
2136,11983295
2137,25169382
2138,11987888
2139,2747117
2140,57519510
2141,6537512
2142,1005519
2143,9841667
2144,10173277
2145,9849040
2146,11155873
2147,16086114
2148,9869779
2149,1973
2150,56965901
2151,16108977
2152,4096211
2153,10070893
2154,9852573
2155,5327091
2156,25195348
2157,6918837
2158,49864204
2159,9931954
2160,9887870
2161,9872438
2162,25150857
2163,46925884
2164,49852229
2165,49852941
2166,44143209
2167,3922
2168,135411
2169,11530459
2170,5288209
2171,66249
2172,5288149
2173,5281929
2174,11957756
2175,9600409
2176,1345
2177,3392731
2178,9803963
2179,5591
2180,151183
2181,4076092
2182,154257
2183,11452716
2184,2742550
2185,119373
2186,1029232
2187,11271909
2188,25273570
2189,4593
2190,42647289
2191,46933992
2192,9799389
2193,6433118
2194,71992
2195,72172
2196,9953906
2197,443955
2198,2520
2199,129426
2200,6450522
2201,9954539
2202,71311906
2203,23630211
2204,162834
2205,177335
2206,3378093
2207,5163
2208,119192
2209,9807431
2210,11159621
2211,10474335
2212,188914
2213,4259181
2214,10077130
2215,49843509
2216,3570748
2217,219077
2218,64627
2219,5311257
2220,5311007
2221,3651377
2222,123723
2223,56463
2224,1069686
2225,24824610
2226,54677973
2227,449035
2228,16078967
2229,5310939
2230,6918029
2231,57519517
2232,6914657
2233,447371
2234,16741245
2235,10226546
2236,6918265
2237,6450830
2238,2950007
2239,42623900
2240,16759177
2241,60703
2242,3043582
2243,126758
2244,50905018
2245,1362865
2246,11201705
2247,6450819
2248,9867340
2249,57519531
2250,9820526
2251,57519530
2252,435678
2253,379077
2254,11634725
2255,44201333
2256,126565
2257,49848070
2258,57519521
2259,25105690
2260,2765355
2261,24951314
2262,71300295
2263,3032474
2264,10158562
2265,104794
2266,60602
2267,11740218
2268,9954941
2269,44460130
2270,2331284
2271,57519543
2272,51346964
2273,54706679
2274,3099980
2275,53348204
2276,44246499
2277,44543605
2278,5403427
2279,56832449
2280,5201899
2281,46926062
2282,57519529
2283,70789547
2284,57519524
2285,57519542
2286,135403620
2287,25263033
2288,56960447
2289,71571562
2290,86567195
2291,71748056
2292,23643976
2293,2396
2294,60202647
2295,78357763
2296,73755240
2297,71550931
2298,71433873
2299,118036971
2300,9847557
2301,148198
2302,68856073
2303,11626927
2304,121513855
2305,73352604
2306,766949
2307,11844351
2308,9869737
2309,135742497
2310,121408882
2311,71604307
2312,11393719
2313,130966
2314,44182398
2315,21914258
2316,50997748
2317,57391096
2318,53340426
2319,46918825
2320,71311876
2321,73265341
2322,121277860
2323,122172830
2324,53315882
2325,117072552
2326,71600087
2327,92045137
2328,43805
2329,46781940
2330,177358
2331,10056071
2332,45027820
2333,25113758
2334,11351021
2335,50898338
2336,91885438
2337,71715374
2338,8344
2339,11192346
2340,3009355
2341,51001932
2342,135454903
2343,67979346
2344,67376285
2345,71307851
2346,3474778
2347,23063810
2348,91663303
2349,71533725
2350,446738
2351,16216349
2352,126480616
2353,71768304
2354,86278934
2355,126843232
2356,66577066
2357,11619093
2358,158797
2359,5287541
2360,11345983
2361,3510
2362,56972229
2363,71621170
2364,50985821
2365,5362420
2366,1357397
2367,11347535
2368,336423
2369,71226662
2370,135398516
2371,107807
2372,66575373
2373,42640
2374,667528
2375,11501591
2376,16760291
2377,59437537
2378,10271028
2379,56953649
2380,9819282
2381,3501
2382,54766013
2383,91754554
2384,60182388
2385,44577753
2386,132990892
2387,86660217
2388,71245288
2389,135567102
2390,74222427
2391,53472153
2392,44259
2393,4566
2394,6918386
2395,11655534
2396,66577006
2397,67409219
2398,73602827
2399,9969021
2400,16224745
2401,11654378
2402,25031915
2403,46184986
2404,71599640
2405,84759
2406,3796
2407,10458325
2408,25127713
2409,78209992
2410,53344620
2411,44181686
2412,68289010
2413,25171648
2414,21081761
2415,16757524
2416,24864821
2417,45142457
2418,42627755
2419,135440466
2420,25141092
2421,20635522
2422,3797
2423,16723044
2424,16722834
2425,59422203
2426,1324494
2427,4253236
2428,53388144
2429,10430360
2430,24879368
2431,58539301
2432,68107965
2433,76328936
2434,73265272
2435,39065
2436,44631903
2437,11493598
2438,135398499
2439,46909588
2440,121499143
2441,25229450
2442,46866705
2443,135565635
2444,16123056
2445,9826309
2446,5339
2447,137125241
2448,5166
2449,9863367
2450,91691130
2451,9801969
2452,11167112
2453,11552706
2454,24767976
2455,53469059
2456,57519748
2457,25242324
2458,11618268
2459,68947304
2460,4904109
2461,53357478
2462,90116675
2463,9950176
2464,25161177
2465,54674134
2466,11950170
2467,25093235
2468,9810884
2469,16058637
2470,44464263
2471,5330175
2472,11973736
2473,10200390
2474,11703284
2475,73265273
2476,49839561
2477,25212148
2478,11349170
2479,67324851
2480,1328033
2481,46245047
2482,53392493
2483,56963315
2484,46931242
2485,119081417
2486,90642938
2487,91668547
2488,40642506
2489,71300326
2490,91623360
2491,2984337
2492,44632017
2493,54675783
2494,68791
2495,11646777
2496,8975
2497,97226
2498,50989217
2499,115150
2500,6918295
2501,25110841
2502,44224257
2503,67501411
2504,91885503
2505,16226182
2506,51037431
2507,439647
2508,439518
2509,7314
2510,16070111
2511,10322165
2512,59693
2513,512282
2514,11180808
2515,11965767
2516,78357816
2517,15895902
2518,25199517
2519,2926768
2520,25166913
2521,73388374
2522,53359
2523,5282054
2524,11304743
2525,59634741
2526,89683805
2527,71299339
2528,128878
2529,1102
2530,6758
2531,58496428
2532,46232606
2533,49867940
2534,56944144
2535,5311194
2536,86340175
2537,117779453
2538,53387035
2539,24808138
2540,59448236
2541,46742353
2542,45102710
2543,49830258
2544,49830260
2545,73051434
2546,71607189
2547,77845606
2548,60167648
2549,8969
2550,164509
2551,656954
2552,10286159
2553,439246
2554,4194514
2555,5488548
2556,9848160
2557,10310632
2558,53325875
2559,159603
2560,46241268
2561,44592366
2562,4943
2563,3086599
2564,10117987
2565,5834
2566,229455
2567,10536
2568,5280360
2569,123879
2570,25114442
2571,71398
2572,9803788
2573,44591583
2574,57703712
2575,11581936
2576,5284613
2577,11960271
2578,135659016
2579,2826191
2580,9853654
2581,2882155
2582,9882793
2583,65663
2584,10052040
2585,5210
2586,135409453
2587,14957
2588,5484444
2589,6099
2590,122262
2591,27400
2592,10201696
2593,108107
2594,46854655
2595,4679
2596,25134521
2597,129869
2598,38072
2599,121892
2600,1236
2601,11313361
2602,53252516
2603,65709
2604,11848225
2605,285033
2606,65373
2607,22571
2608,92577
2609,122335
2610,25257557
2611,11561383
2612,439280
2613,3330
2614,6436187
2615,5459219
2616,107770
2617,2942
2618,4033
2619,104799
2620,2567
2621,72120
2622,2929
2623,6167
2624,220401
2625,441276
2626,26596
2627,476861
2628,9936388
2629,2987927
2630,46898058
2631,636397
2632,9955116
2633,4539
2634,2764
2635,2019
2636,21677748
2637,135430323
2638,60613
2639,135398513
2640,135398742
2641,135398740
2642,6419718
2643,2888648
2644,2836600
2645,447077
2646,4705
2647,11315474
2648,135423438
2649,25206185
2650,135398510
2651,72435
2652,44135961
2653,25134326
2654,16219401
2655,135398491
2656,53322732
2657,56965896
2658,25207689
2659,46180666
2660,44187953
2661,16048654
2662,135398661
2663,135565596
2664,24906273
2665,53394675
2666,10172943
2667,10240275
2668,135398501
2669,409805
2670,5169
2671,11406590
2672,9865587
2673,14973220
2674,9813758
2675,448949
2676,25022340
2677,3101542
2678,52918385
2679,135399748
2680,135565545
2681,456214
2682,49867929
2683,135402864
2684,10177
2685,25125014
2686,135473382
2687,644215
2688,1067700
2689,44473434
2690,132449
2691,2353
2692,135421442
2693,135398495
2694,135564599
2695,135659062
2696,12003241
2697,24857323
2698,44573504
2699,73265222
2700,46926514
2701,2404
2702,24883277
2703,9804433
2704,11673921
2705,11548023
2706,44205240
2707,49831257
2708,5494425
2709,50922691
2710,46911017
2711,60119583
2712,2155128
2713,219100
2714,253078
2715,421610
2716,5284330
2717,11249248
2718,5478883
2719,56846691
2720,2536
2721,729483
2722,49830988
2723,9549184
2724,2864586
2725,11676971
2726,25227462
2727,984170
2728,135539077
2729,135564985
2730,122724
2731,25210273
2732,15940185
2733,6675804
2734,49850262
2735,4996
2736,24180125
2737,15331
2738,57339144
2739,11749858
2740,9868928
2741,5003929
2742,46843906
2743,56970298
2744,9820008
2745,9883002
2746,2777
2747,54671203
2748,107706
2749,4578
2750,515328
2751,46224516
2752,68210102
2753,44250175
2754,2678
2755,80311
2756,3827
2757,65906
2758,3325
2759,5318980
2760,4493
2762,4034
2763,53239854
2764,447905
2765,34458
2766,12387471
2767,25265312
2768,135409400
2769,135400189
2770,5362124
2771,4935
2772,60803
2773,941361
2774,4009
2775,60810
2776,108144
2777,5486971
2778,52943938
2779,24762166
2780,3932
2781,4486
2782,53276
2783,9954540
2784,135497698
2785,123606
2786,5684
2787,3654103
2788,6918003
2789,4595
2790,108187
2791,9795278
2792,11270783
2793,210332
2794,105000
2795,23836158
2796,479503
2797,4302963
2798,5311501
2799,1983
2800,54687
2801,24822275
2802,405012
2803,5281855
2804,135401907
2805,21157
2806,4248455
2807,6400441
2808,4787937
2809,3538
2810,57394021
2811,53440640
2812,556919
2813,2880483
2814,51081
2815,65947
2816,18283
2817,72327
2818,5486830
2819,135398739
2820,12000240
2821,4046
2822,107771
2823,17134
2824,135400182
2825,5583
2826,46930993
2827,444037
2828,24978553
2829,443382
2830,5335
2831,54117
2832,23667631
2833,4583
2834,3357
2835,51039
2836,38103
2837,6398970
2838,444006
2839,92088
2840,6450813
2841,969472
2842,12308750
2843,5418
2844,10219
2845,131411
2846,71655
2847,656734
2848,5462355
2849,213039
2850,60196358
2851,3936
2852,2405
2853,36811
2854,11626384
2855,2083
2856,2803
2857,6010
2858,21800
2859,16533
2860,39836
2861,3038175
2863,2161
2864,16738693
2865,5459110
2866,5282435
2867,9826188
2868,2449
2869,6433119
2870,4184
2871,60854
2872,25253377
2873,3341
2874,135398745
2875,135398737
2876,68871
2877,104920
2878,3456
2879,71353
2880,3291
2881,1123
2882,54585
2883,68712
2884,14989
2885,216210
2886,10459564
2887,2327
2888,12620
2889,25019940
2890,2381
2891,6047
2892,3675
2893,5530
2894,9918559
2895,10047612
2896,5480230
2897,5748293
2898,219104
2899,5281915
2900,4746
2901,214348
2902,10603
2903,5852
2904,10168
2905,260439
2906,135705561
2907,136257950
2908,3793
2909,135413523
2910,135659063
2911,16213105
2912,135421197
2913,446378
2914,4917
2915,169371
2916,57004
2917,57441923
2918,44404825
2919,73265227
2920,73265230
2921,91885506
2922,3838
2923,11242315
2925,73265342
2926,71496458
2927,22508903
2928,5361
2929,135465539
2930,10109823
2931,73292903
2932,5309
2933,57519550
2934,10206158
2935,11591420
2936,73265225
2937,53246941
2938,11960382
2939,57519555
2940,67081200
2941,71543365
2942,16666332
2943,73265308
2944,54705185
2945,73265372
2947,151173
2948,29933626
2949,11969781
2950,154943
2951,73265404
2952,9890250
2953,11414799
2954,73265377
2955,57519520
2956,701891
2957,409823
2958,5352
2959,24867865
2960,9799888
2961,71304818
2962,73265352
2963,4599
2964,66144
2965,2734952
2966,1005654
2967,4636
2968,49867939
2969,2725002
2970,9883029
2971,73265369
2972,11440648
2973,1548955
2974,73265371
2975,73265375
2976,45942672
2977,11972288
2978,16725073
2979,73265215
2980,73265292
2981,73265382
2982,73265304
2983,7092625
2984,73265415
2985,73265403
2986,11754200
2987,247705
2988,73265287
2989,46930987
2990,3755
2991,73265200
2992,135972801
2993,115227
2994,151289
2995,6604957
2996,24871329
2997,73265205
2998,17571905
2999,73265358
3000,54260
3001,3760
3002,51755
3003,133053818
3004,73265208
3005,60060499
3006,37392
3007,31043
3008,498102
3009,11417954
3010,15103
3011,5281046
3012,3748774
3013,135761164
3014,4659392
3015,133053838
3016,5483090
3017,73265416
3018,3100
3019,61100
3020,12150530
3021,170361
3022,73265322
3023,70983934
3024,11963194
3025,57519509
3026,73265289
3027,59652905
3028,151171
3029,74990
3030,83979
3031,57353643
3032,57519554
3033,216467
3034,57519507
3035,15558393
3036,57519512
3037,72686
3038,1185541
3039,22833280
3040,5527
3041,73265376
3042,11711344
3043,3468
3044,73265386
3045,164145
3046,73265390
3047,16051941
3048,31411
3049,443593
3050,73265406
3051,72726
3052,73265380
3053,73265397
3054,73265392
3055,46189838
3056,7271796
3057,73265393
3058,15573192
3059,73265391
3060,44341259
3061,73265383
3062,136153010
3063,136257952
3064,73265405
3065,9882903
3066,135743573
3067,73265379
3068,73265389
3069,57519508
3070,5316290
3071,16759993
3072,73265236
3073,42066955
3074,2844975
3075,24853523
3076,67089852
3077,10317566
3078,53398697
3079,57519532
3080,57519523
3081,73265239
3082,53401057
3083,204100
3084,3086685
3085,206042
3086,3086686
3087,73265240
3088,73265238
3089,5307
3090,66646767
3091,73265237
3092,53396327
3093,11717641
3094,53316426
3095,68712644
3096,4813
3097,11978790
3098,71317162
3099,73265226
3100,3003565
3101,73265232
3102,56965900
3103,2844288
3104,3541
3105,57519528
3106,73265233
3107,73265228
3108,73265234
3109,73265224
3110,389644
3111,73265231
3112,11539025
3113,56965963
3114,73265334
3115,57519534
3116,581
3117,73265320
3118,2889
3119,2548
3120,3447
3121,7566371
3122,6746983
3123,12215
3124,136218974
3125,5327721
3126,3549980
3127,73265337
3128,2703
3129,16755649
3130,2913564
3131,3003931
3132,46239014
3133,136257951
3134,73265330
3135,73265332
3136,72551586
3137,441400
3138,16757846
3139,73265213
3140,49831008
3141,57519545
3142,5034
3143,24906275
3144,5637
3145,16222097
3146,54686938
3147,11719130
3148,44451493
3149,130621
3150,73265216
3151,73265223
3152,73265218
3153,57519549
3154,2531
3155,73265212
3156,3547
3157,9966538
3158,14096316
3159,57519551
3160,57519511
3161,2390
3162,3246697
3163,50987412
3164,70701134
3165,107970
3166,73265274
3167,57519537
3168,67310049
3169,73265271
3170,73265275
3171,72295940
3172,73265277
3173,66774402
3174,60167557
3175,57519538
3176,57519506
3177,73265339
3178,73265206
3179,73265210
3180,57519540
3181,53437714
3182,56603532
3183,73461
3184,4611
3185,425
3186,105115
3187,216248
3188,2532
3189,54677977
3190,2713
3191,5288446
3192,47751
3193,73265340
3194,1744
3195,5538
3196,2909
3197,73265336
3198,73265209
3199,73265367
3200,6325199
3201,774
3202,716121
3203,5702024
3204,2913
3205,2267
3206,471
3207,73265345
3208,6759
3209,71729980
3210,573
3211,57519525
3212,134070
3213,88353
3214,7048589
3215,16757877
3216,73265368
3217,11869649
3218,73265350
3219,56069
3220,73265374
3221,3751173
3222,2518
3223,73265370
3224,154256
3225,5376
3226,5516
3227,2800
3228,73265347
3229,11872781
3230,7048670
3231,3049
3232,3054
3233,73265361
3234,108092
3235,73265365
3236,44828487
3237,73265348
3238,6419964
3239,6320507
3240,73259
3241,45042199
3242,57519541
3243,44315352
3244,448055
3245,135398744
3246,73265335
3247,4680
3248,16219326
3249,11963697
3250,131682
3251,3356
3252,3076
3253,15068211
3254,65909
3255,3938007
3256,177336
3257,119584
3258,60918
3259,5078
3260,4282258
3261,934162
3262,72165
3263,2264
3264,2895
3265,44483281
3266,42552731
3267,57519546
3268,73265362
3269,57519536
3270,24867488
3271,65015
3272,17756950
3273,5056
3274,3032
3275,57519539
3276,73265351
3277,73265363
3278,7067829
3279,57519513
3280,3235
3281,493027
3282,4979942
3283,6335004
3284,53396328
3285,12304165
3286,178024
3287,57519522
3288,64650
3289,57519518
3290,73265326
3292,10126189
3293,73265318
3294,56208
3295,3203
3296,73265183
3297,454519
3298,73339
3299,73265309
3300,6325365
3301,12358875
3302,73265317
3303,73265315
3304,73265310
3305,108031
3306,4139
3307,3080922
3308,451875
3309,42066809
3311,135410875
3312,490037
3314,2154
3315,73265327
3316,73265323
3317,73265184
3318,73265328
3319,12309103
3320,73265316
3321,73265325
3322,73265324
3323,73265311
3324,13048688
3325,73265197
3326,73265190
3327,73265199
3328,73265187
3329,73265355
3330,73265194
3331,46930984
3332,3874387
3333,44309670
3334,656574
3335,1839
3336,73265186
3337,6426741
3338,28094875
3339,3948
3340,194216
3341,6604593
3342,71309
3343,6604287
3344,11155874
3345,72959169
3346,2883
3347,73265193
3348,73265357
3349,73265198
3350,639915
3351,709
3352,73265201
3353,73265353
3354,148192
3355,441385
3356,73265381
3357,5495819
3358,73265408
3359,47472
3360,3198
3361,5402
3362,59669121
3363,59428238
3364,56845533
3365,688561
3366,31729
3367,5775
3368,3157
3369,2092
3370,4893
3371,121829
3372,656628
3373,6041
3374,5709
3375,24211
3376,4768
3377,251562
3378,5487
3379,439260
3380,73265344
3381,6710614
3382,7059633
3383,7048968
3384,13018151
3385,7059648
3386,7067809
3387,73265413
3388,16757783
3389,73265409
3390,6710658
3391,7048561
3392,73265414
3393,73265412
3394,25749183
3395,11875465
3396,12358477
3397,73265343
3398,73265407
3399,12310282
3400,73265402
3401,73265399
3402,248
3403,406562
3404,73265411
3405,7075726
3406,7048585
3407,73265401
3408,73265396
3409,12944326
3410,29985980
3411,3288
3412,57519533
3413,16760554
3414,4646
3415,135449332
3416,2881
3417,71774
3418,12047199
3419,60865
3420,21014128
3421,15057856
3422,4634
3423,4601
3424,6918558
3425,72093
3426,3450
3427,2157
3428,3661
3429,2370
3430,35028115
3431,73265303
3432,73265301
3433,73265290
3434,73265297
3435,5472
3436,54678486
3437,4413
3438,147912
3439,44329754
3440,9818479
3441,3372
3442,5355
3443,60835
3444,2801
3445,9796181
3446,11064619
3447,5052
3448,6241
3449,92409
3450,213023
3451,2563
3452,908828
3453,77991
3454,1253
3455,41317
3456,73265293
3457,51885747
3458,453548
3459,511644
3460,2442
3461,26757
3462,4840
3463,15581198
3464,4272
3465,40629571
3466,24800108
3467,5311340
3468,57468496
3469,73265294
3470,73265284
3471,23622608
3472,73265296
3473,73265285
3474,8249
3475,5284549
3476,73265281
3477,3246906
3478,2467
3479,73265288
3480,73265282
3481,827
3482,73265279
3483,73265295
3484,49867941
3485,83218
3486,2304885
3487,73265286
3488,44828485
3489,4932
3490,73265278
3491,53316143
3492,53316142
3493,6604910
3494,16759511
3495,6604870
3496,53316139
3497,2900
3498,57519547
3499,57519548
3500,53316137
3501,2956
3502,53316140
3503,105066
3504,483407
3505,6604924
3506,3717450
3507,6604814
3508,9804984
3509,17754765
3510,72710568
3511,91754489
3512,25021162
3513,24825971
3514,71661259
3515,135440386
3516,73265276
3517,5327916
3518,73265219
3519,42628535
3520,11248978
3521,57394468
3522,46192505
3523,14825856
3524,73265221
3525,53355503
3526,58221879
3527,70934541
3528,25060093
3529,136173253
3530,67448186
3531,764764
3532,49766501
3533,23654923
3534,11976582
3535,44143370
3536,73427118
3537,52934127
3538,73425805
3539,70679466
3540,67960134
3541,136237316
3542,10339779
3543,70789348
3544,22570509
3545,44195701
3546,57519535
3547,57519515
3548,56645961
3549,91864701
3550,118170767
3551,439804
3552,3856851
3553,9907323
3554,399465
3555,73265302
3556,46931005
3557,73265283
3558,68234129
3559,4609
3561,136257953
3562,25226483
3563,25226117
3564,9968854
3565,73265229
3566,68938909
3567,73265331
3568,73265321
3569,73265338
3570,73265214
3571,25256849
3572,42628507
3573,73265211
3574,135418940
3575,69923936
3576,71433510
3577,73265364
3578,73265360
3579,57519519
3580,60196343
3581,197033
3582,73265312
3583,73265306
3584,73265305
3585,73265204
3586,73265185
3587,72664381
3588,73068460
3589,45270144
3590,11384493
3591,49853312
3592,57519516
3593,11957503
3594,153270
3595,6610318
3596,50909779
3597,74892452
3598,70945511
3599,11467934
3600,71297207
3601,122197581
3602,134828256
3603,58573469
3604,73297272
3605,53476877
3606,53240420
3607,53358942
3608,53238217
3609,71600094
3610,24737642
3611,70980530
3612,24812808
3613,89808643
3614,51042438
3615,449241
3616,70817911
3617,53262401
3618,46843057
3619,24905401
3620,67447908
3621,118873253
3622,6918670
3623,5327686
3624,135565923
3625,57345941
3626,72547474
3627,71731823
3628,91827701
3629,118502708
3630,118869362
3631,51346455
3632,11497983
3633,49803313
3634,56839178
3635,46870258
3636,46215462
3637,46910592
3638,11478363
3639,11387605
3640,72165228
3641,62907
3642,135905454
3643,71479709
3644,121540650
3645,25235170
3646,54676905
3647,72950888
3648,51049607
3649,51353555
3650,644274
3651,16739650
3652,72271
3653,44631912
3654,46220502
3655,60196195
3656,78357764
3657,121488167
3658,135564531
3659,135564631
3660,81689696
3661,118879529
3662,77050682
3663,74222277
3664,118025540
3665,11285001
3666,135564841
3667,76189046
3668,44203948
3669,46700756
3670,118987042
3671,11545419
3672,25151352
3673,58298318
3674,72188357
3675,72547959
3676,118086034
3677,78320750
3678,72734520
3679,44609731
3680,56968072
3681,6918403
3682,92135932
3683,91668194
3684,121231412
3685,51039094
3686,66555680
3687,67462786
3688,5289418
3689,72710839
3690,46834118
3691,46944259
3692,23653175
3693,91885617
3694,11409972
3695,57412684
3696,73425588
3697,46214930
3698,25117126
3699,129316185
3700,10029385
3701,135398521
3702,9549297
3703,11494412
3704,54576299
3705,46194178
3706,89730041
3707,59599728
3708,86290458
3709,118986645
3710,68165256
3711,59757974
3712,91666658
3713,44595079
3714,44603362
3715,53380437
3716,91885989
3717,71494949
3718,118705186
3719,57928435
3720,118115473
3721,54758501
3722,5281321
3723,10331844
3724,10195250
3725,86279165
3726,72706840
3727,72706837
3728,56962369
3729,44603533
3730,16222096
3731,11548630
3732,42642654
3733,71727581
3734,9956637
3735,24866313
3736,11719003
3737,135398492
3738,25195352
3739,9803932
3740,58298316
3741,70676303
3742,45276387
3743,25168990
3744,118598754
3745,124246
3746,1548943
3747,5281511
3748,44519124
3749,68060125
3750,71557891
3751,151118
3752,4712
3753,1126109
3754,24765037
3755,10409068
3756,71584930
3757,25190990
3758,121513867
3759,53469448
3760,46215815
3761,70798655
3762,59548184
3763,24937012
3764,58204997
3765,44180156
3766,56928390
3767,86291103
3768,5289247
3769,91933883
3770,56599306
3771,58507717
3772,57384863
3773,9849735
3774,46912230
3775,52913813
3776,76685059
3777,124173720
3778,51033720
3779,135565159
3780,86763204
3781,67983918
3782,72709209
3783,44545852
3784,44814409
3785,66598080
3786,58423153
3787,73603034
3788,11248490
3789,49792852
3790,58486178
3791,56649281
3792,42628503
3793,135398506
3794,53302361
3795,25093303
3796,90116945
3797,16719221
3798,90408826
3799,71721540
3800,50922675
3801,25118925
3802,67469084
3803,56602554
3804,77108121
3805,122703691
3806,90351311
3807,9863672
3808,66599893
3809,121596782
3810,66577038
3811,58525066
3812,71626896
3813,59473233
3814,44462758
3815,53252276
3816,53322923
3817,46188928
3818,59397065
3819,66571548
3820,71576419
3821,9952109
3822,5329106
3823,6456015
3824,44480399
3825,25181472
3826,151194
3827,24756034
3828,52920501
3829,100094
3830,16742063
3831,10138259
3832,9934283
3833,5329099
3834,6918616
3835,25017411
3836,135398512
3837,121487936
3838,44217246
3839,90479372
3840,57382288
3841,57381425
3842,10095659
3843,5353852
3844,9800555
3845,44601455
3846,25108829
3847,78243717
3848,123132228
3849,73010924
3850,90442348
3851,1285940
3852,459617
3853,78426698
3854,71729975
3855,137031865
3856,66571643
3857,90094283
3858,91667931
3859,76285486
3860,121271792
3861,101043861
3862,44251522
3863,53315868
3864,73670548
3865,78320408
3866,118572017
3867,71268957
3868,78357814
3869,67469117
3870,73442743
3871,134692198
3872,91623361
3873,56962336
3874,90241673
3875,90241742
3876,15990224
3877,121232405
3878,121232406
3879,73010930
3880,117636625
3881,117072548
3882,9936746
3883,118196485
3884,135564749
3885,57389999
3886,118693658
3887,52912222
3888,118796358
3889,117072549
3890,126619980
3891,92044400
3892,135565082
3893,135565981
3894,49843531
3895,121473004
3896,135413536
3897,10311306
3898,656970
3899,9571836
3900,6303
3901,240980
3902,135413535
3903,483477
3904,135398508
3905,6323266
3906,135398645
3907,135398738
3908,6917890
3909,259331
3910,46836227
3911,5813717
3912,11984561
3913,108150
3914,13116
3915,135413511
3916,393111
3917,151115
3918,73110
3919,10294813
3920,3035016
3921,6456014
3922,2179
3923,397888
3924,9952884
3925,30323
3926,636362
3927,6918223
3928,10180
3929,447865
3930,5282049
3931,9810929
3932,46847888
3933,275196
3934,11488110
3935,23634407
3936,25167017
3937,76044
3938,44156921
3939,71660551
3940,11685945
3941,117996749
3942,73364
3943,56844015
3944,16720766
3945,60167849
3946,71523377
3947,71304779
3948,9888141
3949,119031
3950,46175189
3951,3342298
3952,54678924
3954,46200994
3955,54682876
3956,19910
3957,70004430
3958,5281884
3959,11399764
3960,6420023
3961,16131923
3962,3197
3963,71492799
3964,86345880
3965,6917907
3966,177865
3967,9838712
3968,24780598
3969,45784923
3970,483559
3971,65014
3972,16048966
3973,16219651
3974,2351
3975,60652
3976,1213452
3977,9836739
3978,46927297
3979,16222379
3980,25027363
3981,44187367
3982,25109985
3983,136210511
3984,5321018
3985,24967599
3986,54676478
3987,71219
3988,9910393
3989,24788636
3990,70678419
3991,46224413
3992,51352361
3993,71236992
3994,66550890
3995,52934180
3996,24771824
3997,54576693
3998,46916694
3999,9799942
4000,71577426
4001,3372016
4002,10369242
4003,24853505
4004,73659
4005,213037
4006,446155
4007,71657455
4008,118310260
4009,117817422
4010,135564890
4011,70914230
4012,636411
4013,121328278
4014,117951478
4015,71307581
4016,60199242
4017,23947580
4018,72699186
4019,11979774
4020,23672584
4021,92044379
4022,71090129
4023,44428656
4024,47318
4025,71811910
4026,44633765
4027,57339147
4028,9832447
4029,6518171
4030,9864881
4031,16725047
4032,11526038
4033,6603901
4035,46926360
4036,6917797
4037,91274
4038,198693
4039,5281304
4040,6364534
4041,9798973
4042,9808022
4043,118191391
4044,71730058
4045,11333
4046,24199313
4047,1750826
4048,71571306
4049,11234794
4050,10190528
4051,62705067
4052,91754484
4053,59603622
4054,91617630
4055,23634441
4056,11635371
4057,5281847
4058,5663
4059,6410104
4060,11953346
4061,6914666
4062,9840324
4063,62881
4064,57030
4065,25210792
4066,44560455
4067,9916058
4068,3038517
4069,11250647
4070,10348973
4071,3047796
4072,49841217
4073,52938427
4074,44623998
4075,11491176
4076,117072550
4077,67171867
4078,444008
4079,11750009
4080,92044376
4081,56941241
4082,23642301
4083,155435
4084,3036505
4085,667476
4086,175534
4087,6918788
4088,121586
4089,448545
4090,5574924
4091,115366
4092,42596951
4093,16049404
4094,11703255
4095,56949412
4096,11848206
4097,44537963
4098,3035850
4099,9854489
4100,6918155
4101,82153
4102,5284557
4103,2724385
4104,5878
4105,123619
4106,9841440
4107,23681059
4108,9867642
4109,76849181
4110,6918663
4111,36294
4112,51035449
4113,89875987
4114,9863341
4115,493570
4116,45357193
4117,16204922
4118,46911532
4119,6084
4120,25109292
4121,51003603
4122,222284
4123,135398735
4124,135398743
4125,117761397
4126,2519
4127,23663974
4128,4922
4129,9872609
4130,9898279
4131,9839500
4132,644019
4133,216468
4134,6918132
4135,22576
4136,115000
4137,135413496
4138,6433272
4139,156867
4140,688020
4141,9840545
4142,6917875
4143,9818478
4144,115107
4145,119569
4146,39859
4147,43091
4148,121231417
4149,135425273
4150,443289
4151,159594
4152,216235
4153,57520598
4154,6324617
4155,57336276
4156,73774610
4157,11539477
4158,91933867
4159,154272
4160,36295259
4161,25227847
4162,448601
4163,9828911
4164,6539952
4165,25154713
4166,5309446
4167,64143
4168,71291068
4169,65411
4170,5478927
4171,9884807
4172,9960285
4173,196970
4174,53340771
4175,118414016
4176,3002190
4177,76073169
4178,49792850
4179,67418070
4180,44599207
4181,26758
4182,27503
4183,2006
4184,25195354
4185,9819927
4186,443872
4187,213040
4188,9995890
4189,9552079
4190,6476900
4191,46861623
4192,11243536
4193,67356
4194,27944
4195,247
4196,9572720
4197,155434
4198,107778
4199,78358334
4200,107971
4201,101501484
4202,5944
4203,8813
4204,23681107
4205,3578572
4206,118238298
4207,15950826
4208,23009
4209,57327016
4210,492405
4211,45375808
4212,41022
4213,9578572
4214,135449331
4215,23663991
4216,6436223
4217,118958122
4218,43116
4219,449171
4220,73265220
4221,4075607
2761,3071
2862,5712
2924,73293
2946,73265182
3291,73265329
3310,13071731
3313,12798016
3560,6710769
3953,15664
4034,46846227
4222,9938280
4223,57340685
4224,14033269
4225,60780
4226,3143
4227,21874004
4228,9863776
4229,9866186
4230,53325874
4231,5280436
4232,1714884
4233,2130404
4234,2126
4235,6918328
4236,11422035
4237,5470400
4238,44566777
4239,11719255
4240,66545744
4241,2729026
4242,2225
4243,54608728
4244,445091
4245,445455
4246,7326481
4247,1641662
4248,1242560
4249,613000
4250,5477635
4251,5702613
4252,25105715
4253,44819697
4254,2314623
4255,3634881
4256,13290751
4257,2758573
4258,85668777
4259,6475492
4260,6476700
4261,6184667
4262,19582717
4263,2858523
4264,375860
4265,122327
4266,5951923
4267,654092
4268,24191118
4269,23976
4270,54613769
4271,5311281
4272,11683005
4273,560326
4274,9938202
4275,11396600
4276,123823
4277,132496
4278,3463933
4279,656346
4280,132887
4281,3005532
4282,3431
4283,9911463
4284,441298
4285,23670359
4286,2949965
4287,72967
4288,6450816
4289,14179013
4290,11624601
4291,25222038
4292,71300862
4293,57330099
4294,2946601
4295,44237094
4296,117560
4297,10322450
4298,5479543
4299,10410894
4300,11507802
4301,6438330
4302,24797083
4303,54765302
4304,24202429
4305,2842253
4306,2113511
4307,3136844
4308,650361
4309,3689413
4310,53301938
4311,3384730
4312,71729979
4313,10385095
4314,6610355
4315,54613361
4316,72376
4317,1239801
4318,1566236
4319,23661650
4320,53340664
4321,227681
4322,81146
4323,241158
4324,5351362
4325,262093
4326,5472285
4327,10067756
4328,45100481
4329,5420804
4330,114736
4331,49830590
4332,71751553
4333,25154868
4334,24135
4335,57458948
4336,637858
4337,3035652
4338,23939
4339,322968
4340,11983303
4341,344265
4342,6918736
4343,7058066
4344,3854666
4345,12001922
4346,45073452
4347,16725315
4348,46782929
4349,568763
4350,44241473
4351,53393127
4352,984333
4353,11657048
4354,25010734
4355,1235170
4356,11972519
4357,46901937
4358,16760646
4359,16760709
4360,6376322
4361,135398501
4362,135440466
4363,137139966
4364,92577
4365,136240579
4366,135659046
4367,135564599
4368,135565082
4369,135398510
4370,122388991
4371,20822503
4372,25791047
4373,44543714
4374,NA
4375,NA
4376,NA
4377,NA
4378,NA
4379,NA
4380,NA
4381,NA
4382,NA
4383,NA
4384,NA
4385,NA
4386,NA
4387,NA
4388,NA
4389,NA
4390,NA
4391,NA
4392,NA
4393,NA
4394,NA
4395,NA
4396,NA
4397,NA
4398,NA
4399,NA
4400,NA
4401,NA
4402,NA
4403,NA
4404,NA
4405,NA
4406,NA
4407,NA
4408,NA
4409,NA
4410,NA
4411,NA
4412,NA
4413,NA
4414,NA
4415,NA
4416,NA
4417,NA
4418,NA
4419,NA
4420,NA
4421,NA
4422,NA
4423,NA
4424,NA
4425,NA
4426,NA
4427,NA
4428,NA
4429,NA
4430,NA
4431,NA
4432,NA
4433,NA
4434,NA
4435,NA
4436,NA
4437,NA
4438,NA
4439,NA
4440,NA
4441,NA
4442,NA
4443,NA
4444,NA
4445,NA
4446,NA
4447,NA
4448,NA
4449,NA
4450,NA
4451,NA
4452,NA
4453,NA
4454,NA
4455,NA
4456,NA
4457,NA
4458,NA
4459,NA
4460,NA
4461,NA
4462,NA
4463,NA
4464,NA
4465,NA
4466,NA
4467,NA
4468,NA
4469,NA
4470,NA
4471,NA
4472,NA
4473,NA
4474,NA
4475,NA
4476,NA
4477,NA
4478,NA
4479,NA
4480,NA
4481,NA
4482,NA
4483,NA
4484,NA
4485,NA
4486,NA
4487,NA
4488,NA
4489,NA
4490,NA
4491,NA
4492,NA
4493,NA
4494,NA
4495,NA
4496,NA
4497,NA
4498,NA
4499,NA
4500,NA
4501,NA
4502,NA
4503,NA
4504,NA
4505,NA
4506,NA
4507,NA
4508,NA
4509,NA
4510,NA
4511,NA
4512,NA
4513,NA
4514,NA
4515,NA
4516,NA
4517,NA
4518,NA
4519,NA
4520,NA
4521,NA
4522,NA
4523,NA
4524,NA
4525,NA
4526,NA
4527,NA
4528,NA
4529,NA
4530,NA
4531,NA
4532,NA
4533,NA
4534,NA
4535,NA
4536,NA
4537,NA
4538,NA
4539,NA
4540,NA
4541,NA
4542,NA
4543,NA
4544,NA
4545,NA
4546,NA
4547,NA
4548,NA
4549,NA
4550,NA
4551,NA
4552,NA
4553,NA
4554,NA
4555,NA
4556,NA
4557,NA
4558,NA
4559,NA
4560,NA
4561,NA
4562,NA
4563,NA
4564,NA
4565,NA
4566,NA
4567,NA
4568,NA
4569,NA
4570,NA
4571,NA
4572,NA
4573,NA
4574,NA
4575,NA
4576,NA
4577,NA
4578,NA
4579,NA
4580,NA
4581,NA
4582,NA
4583,NA
4584,NA
4585,NA
4586,NA
4587,NA
4588,NA
4589,NA
4590,NA
4591,NA
4592,NA
4593,NA
4594,NA
4595,NA
4596,NA
4597,NA
4598,NA
4599,5353432
4600,153999
4601,11433190
4602,3467590